age,filt_d18O
140.0,0.0069127520683165
340.0,-0.0877640380151728
540.0,-0.0896914921155614
740.0000000000001,-0.1375071658055774
940.0,-0.0998465278125283
1140.0,-0.0564134550675569
1340.0000000000002,-0.1245865303050995
1540.0,0.0227245547242604
1740.0000000000002,-0.0873846633812104
1940.0,-0.0685272039693752
2140.0,-0.0677028337055463
2340.0000000000005,-0.0474406616258994
2540.0000000000005,-0.030840196218183
2740.0,-0.0368185445932752
2940.0000000000005,0.1493159320985385
3140.0,0.1990371513107307
3340.0000000000005,0.077733038205574
3540.0000000000005,0.0408592054044824
3740.0,0.073400309888087
3940.0,0.0223006299894926
4140.0,-0.0047207538772684
4340.0,-0.1076317176100234
4540.0,-0.0140873373387593
4740.0,-0.1086609364941141
4940.0,0.0921555934735893
5140.0,0.0094437311625212
5340.0,-0.0380344037882291
5540.0,-0.0443596019326988
5740.0,0.0037515984287314
5940.0,0.0314463225990846
6140.0,0.0146424029889853
6340.0,-0.0644954061950659
6540.0,0.0060668805958657
6740.0,0.0166239613936644
6940.0,-0.0133311779094795
7140.0,-0.0319082081088957
7340.0,-0.1395204577902697
7540.0,-0.1250244312931654
7740.0,0.0085636971074821
7940.0,-0.0696715357425435
8140.000000000001,-0.068466317669165
8340.000000000002,-0.0504378808153813
8540.000000000002,-0.0318634414611689
8740.0,-0.0127283439569488
8940.000000000002,0.0108189662941733
9140.0,0.0439371548224062
9340.000000000002,0.0710057807444483
9540.0,0.0887160159139311
9740.000000000002,0.071612759068313
9940.0,0.0117976209737949
10140.0,-0.0020883010220848
10340.000000000002,0.0215000503840333
10540.0,0.0905804182905547
10740.000000000002,0.1897812719780136
10940.0,0.1387955997014386
11140.0,0.0229846093592382
11340.000000000002,0.0982477574081086
11540.0,0.1966142732911927
11740.000000000002,0.1412892156430982
11940.0,0.1230853441599495
12140.0,0.1031543849228052
12340.000000000002,0.0812743988916759
12540.0,0.0572272080520311
12740.000000000002,0.0308017447408948
12940.0,0.0017974938905894
13140.0,-0.0299720315852447
13340.000000000002,-0.0548239482917622
13540.0,-0.0679804980311387
13740.000000000002,-0.0843437037764877
13940.0,-0.1040107631658378
14140.0,-0.1270492118187129
14340.000000000002,-0.1534945807641456
14540.0,-0.1556575429944259
14740.000000000002,-0.1335041972527565
14940.0,-0.0552473979884046
15140.0,0.0485143627185012
15340.000000000002,0.087437849786231
15540.0,-0.2389198517076756
15740.000000000002,-0.4584574415263674
15940.0,-0.0625482104547593
16140.0,0.0376388804091626
16340.0,-0.1084218323282654
16540.000000000004,-0.4968957707810409
16740.000000000004,-0.2428851623864477
16940.0,-0.0734091044658862
17140.0,-0.1204680873916569
17340.0,-0.3911906209173854
17540.000000000004,0.0230385628750045
17740.000000000004,0.0182482212479694
17940.0,0.2196769228482595
18140.0,0.2315010952976216
18340.0,0.1626132491161676
18540.000000000004,0.2554588237583229
18740.0,0.3811606795969559
18940.0,0.2981169696257295
19140.0,0.2859067434320326
19340.000000000004,0.1714466734929383
19540.000000000004,0.3015567089920093
19740.0,0.1502550702057293
19940.0,0.2095267043567817
20140.0,0.0935187802392549
20340.000000000004,0.1572071543728688
20540.000000000004,0.0889266308649642
20740.0,0.0409215642656764
20940.0,0.0248486207008128
21140.0,-0.146336494682389
21340.000000000004,0.0241047771740324
21540.000000000004,0.0488658912336613
21740.0,0.0190125404902609
21940.0,-0.0075976269494348
22140.0,-0.0959028734470331
22340.000000000004,-0.0448631083991198
22540.000000000004,-0.1854315134859666
22740.0,-0.1848224734250663
22940.0,-0.0628017307997814
23140.0,-0.1206821016147439
23340.000000000004,-0.0723461802766956
23540.000000000004,-0.1114273852515232
23740.0,-0.0817024107853476
23940.0,-0.3436877625396058
24140.0,-0.1594224472510296
24340.000000000004,-0.1271137730701369
24540.000000000004,-0.0217247731877147
24740.0,-0.0549284181662609
24940.0,-0.1010278057053363
25140.0,0.0151934902299369
25340.000000000004,-0.0615739690521601
25540.000000000004,0.0442122498430718
25740.0,0.0174011546608222
25940.0,0.0991917316017775
26140.0,0.100483980387509
26340.000000000004,0.112577911066361
26540.000000000004,0.0892984920028883
26740.0,-0.0136139442679442
26940.0,0.0290286244300412
27140.0,0.1478930813383723
27340.000000000004,0.0804624031560666
27540.000000000004,0.069054353368367
27740.0,0.0478080266448656
27940.0,0.0080349205860781
28140.0,-0.0093332379539198
28340.000000000004,-0.055043243852771
28540.000000000004,0.0843087007322428
28740.0,0.0398661845993726
28940.0,0.054275501973751
29140.0,-0.0291931756503008
29340.000000000004,-0.1059354671675107
29540.000000000004,0.0213776129962891
29740.0,-0.0556085946361337
29940.0,0.0144819197717686
30140.0,-0.0006408375244423
30340.000000000004,0.051633718748731
30540.000000000004,0.0526974581194494
30740.0,0.0092185804773245
30940.0,-0.0004228066371438
31140.0,-0.0230038199610107
31340.000000000004,-0.0077350269890269
31540.000000000004,-0.041250549459841
31740.0,0.0294996722513351
31940.0,-0.0429225726183532
32140.0,-0.0113601440609224
32340.000000000004,0.1381126562798018
32540.0,-0.0724740469953324
32740.000000000004,0.0422513337993134
32940.00000000001,-0.1033910673614411
33140.0,-0.1115086829412977
33340.0,0.0682247330799062
33540.0,-0.0511897785470847
33740.0,-0.0215034467563023
33940.00000000001,0.0005925634741197
34140.0,-0.0312224263776163
34340.0,-0.1238574659723287
34540.0,0.1416337117508124
34740.0,0.1176159104752249
34940.00000000001,0.056115529322795
35140.0,0.0717884608694893
35340.0,0.0510767247167817
35540.0,-0.0902831279558188
35740.0,-0.0757145866876115
35940.00000000001,-0.0155948659273489
36140.0,-0.0339398666144333
36340.0,0.095176046355789
36540.0,0.1771662047509156
36740.0,0.0869929762436961
36940.00000000001,0.0691079161518308
37140.0,0.103478300973881
37340.0,0.1231863937797666
37540.0,0.0588029373892046
37740.0,-0.0560303004069431
37940.00000000001,-0.1142316872077734
38140.0,-0.0826920520952536
38340.0,-0.1811386704922632
38540.00000000001,-0.2202123073544992
38740.0,-0.2180687118120921
38940.00000000001,-0.2226629173103569
39140.0,-0.0948464846377017
39340.0,-0.0186508772848104
39540.00000000001,-0.0018063096476613
39740.0,0.0477751162237759
39940.00000000001,0.1454665830562655
40140.0,-0.0386565613545095
40340.0,0.0516722591810942
40540.00000000001,0.0977455933497467
40740.0,0.1394240869168354
40940.00000000001,0.1147593514230913
41140.0,0.0444492707248562
41340.0,0.0167438617317366
41540.00000000001,-0.0504785535239399
41740.0,-0.0751660924681775
41940.00000000001,-0.0819828387624203
42140.0,-0.0278099317945244
42340.0,-0.0171414308632441
42540.00000000001,0.087469010857589
42740.0,0.062743122308615
42940.00000000001,0.0743473353473651
43140.0,0.0589116156034465
43340.0,-0.1117124895257196
43540.00000000001,0.0215609751654131
43740.0,0.0088577560785895
43940.00000000001,0.0128127599878204
44140.0,0.0498351561900922
44340.0,0.1269119910996602
44540.00000000001,0.0901494835251872
44740.0,0.1732667232629462
44940.00000000001,0.1380259188813998
45140.0,0.0908320891306637
45340.0,0.1596484718323802
45540.00000000001,-0.0017341089508611
45740.0,-0.0681647176322451
45940.00000000001,0.0067041278680374
46140.0,-0.0307432341396037
46340.0,-0.037394096000716
46540.00000000001,-0.0972701293732463
46740.0,0.0423659737663081
46940.00000000001,-0.1986438276176262
47140.0,-0.2005510043383425
47340.0,-0.1609692107816848
47540.00000000001,-0.1683344716265419
47740.0,-0.1663451326688535
47940.00000000001,-0.1293767503791117
48140.0,-0.1266188982569069
48340.0,-0.1232106964893946
48540.00000000001,-0.0492885551987761
48740.0,-0.078353564474215
48940.00000000001,-0.1762187792686578
49140.0,-0.0270470996608616
49340.0,0.0496419920670867
49540.00000000001,0.0672325119257518
49740.0,0.0853303608577367
49940.00000000001,0.1538280700669477
50140.0,0.1746665655262864
50340.0,0.151006815962517
50540.00000000001,0.1081311190634582
50740.0,0.1102448078903756
50940.00000000001,0.1493108866609437
51140.0,0.1179068369056987
51340.0,0.0523490889216714
51540.00000000001,-0.0473069881368223
51740.0,0.0245497088940017
51940.00000000001,0.0631191767156329
52140.0,0.0684236866994416
52340.0,0.0810247067563577
52540.00000000001,0.0620525149150135
52740.0,0.0306859856095342
52940.00000000001,0.016495024901845
53140.0,-0.0495335404720134
53340.0,-0.0257949847700486
53540.00000000001,-0.0066156485972106
53740.0,0.0119356172320096
53940.00000000001,-0.1604390052293522
54140.0,-0.0671778047376972
54340.0,-0.1113711224897963
54540.00000000001,-0.2473837525458174
54740.0,-0.0852096105188514
54940.00000000001,-0.013446185088072
55140.0,-0.0325496100407494
55340.0,-0.0209220178168642
55540.00000000001,-0.0392761626996571
55740.0,-0.0304039661933206
55940.00000000001,-0.0671015876984491
56140.0,-0.097504573857682
56340.0,0.0123352666247655
56540.00000000001,0.1227429518573857
56740.0,0.0977517390898707
56940.00000000001,0.0115612235737379
57140.0,0.1035704866370279
57340.0,0.088461317743008
57540.00000000001,0.1174615305818149
57740.0,0.1366450565060214
57940.00000000001,0.1153107318939865
58140.0,0.0830497847864987
58340.0,-0.0463213144073588
58540.00000000001,0.0078787806803309
58740.0,0.222788247997102
58940.00000000001,0.0379729200614135
59140.0,-0.0289487804750098
59340.0,0.0302044848720863
59540.00000000001,-0.0521370224018172
59740.0,-0.121808903565104
59940.00000000001,-0.1018951992169766
60140.0,0.0123137277503557
60340.0,0.0520339034048754
60540.00000000001,-0.0120048320901453
60740.0,-0.0473704921980047
60940.00000000001,-0.0933355800624579
61140.0,-0.1483787077331276
61340.0,-0.1463225925677208
61540.00000000001,-0.1522780975235051
61740.0,-0.1565239762715828
61940.00000000001,-0.0960350793215602
62140.0,-0.0763969407946646
62340.0,-0.0555929318780587
62540.00000000001,0.058250531039864
62740.0,0.0531007594523505
62940.00000000001,0.0203727599685822
63140.0,0.0160337713667943
63340.0,0.0819630099771452
63540.00000000001,0.1442494199539064
63740.0,0.167202177458171
63940.00000000001,0.245710555112662
64140.0,0.2627628194774286
64340.0,0.1413575438219121
64540.00000000001,0.1175274613494383
64740.00000000001,0.0708485645719875
64940.0,0.0091657940793061
65140.0,-0.0192960490583305
65340.0,-0.0204027947196879
65540.0,-0.0503730575065271
65740.00000000001,-0.1157266744172227
65940.0,-0.1483286813698226
66140.0,-0.1321735829207078
66340.0,-0.1150619829168854
66540.0,-0.0969418463015015
66740.00000000001,-0.0917056168020876
66940.0,-0.117894609538245
67140.0,-0.0924000466004255
67340.0,-0.0579255400792444
67540.0,-0.0811949289797738
67740.00000000001,-0.0123966118392236
67940.0,-0.0209170596491455
68140.0,-0.010145658950703
68340.0,0.0601248087608545
68540.0,0.0868241899055998
68740.00000000001,0.0260737715664161
68940.0,0.0352979146522108
69140.0,0.0260754063764492
69340.0,0.020910910609844
69540.0,0.0281826513417097
69740.00000000001,0.0070966601674035
69940.0,-0.0369846597567499
70140.0,0.0160772865541475
70340.0,0.0793713627859991
70540.0,0.0727410908153485
70740.00000000001,0.0763330029655262
70940.0,0.09208683047734
71140.0,0.0953037940907778
71340.0,0.0958087763762264
71540.0,0.1165226014172529
71740.00000000001,0.1367863410153577
71940.0,0.1552621987615997
72140.0,0.0378995300486878
72340.0,-0.1526769990937085
72540.0,-0.1214696972028286
72740.00000000001,-0.0684819135182337
72940.0,-0.0237207303221412
73140.0,0.0393218557243801
73340.0,0.0815383729740387
73540.0,0.0234891179200944
73740.00000000001,0.0666370666031379
73940.0,0.1524962079151049
74140.0,0.1308795569964735
74340.0,0.0574571929592802
74540.0,-0.0604293392230897
74740.00000000001,-0.1697482661312786
74940.0,-0.2786731613576703
75140.0,-0.4184489523316678
75340.0,-0.5045439713488202
75540.0,-0.3516109508264081
75740.00000000001,-0.249804680853611
75940.0,-0.1662969743137987
76140.0,-0.0918748765367316
76340.0,-0.0158584240134398
76540.0,0.1219164434888892
76740.00000000001,0.191001746571744
76940.00000000001,0.0958354274424838
77140.0,0.0288318922369944
77340.0,0.0978106173615469
77540.0,0.1472317422219606
77740.00000000001,0.0147217058632816
77940.00000000001,0.0004695036740176
78140.0,0.0953905847944922
78340.0,0.1058326775025555
78540.0,0.1319902514274419
78740.00000000001,0.0035026567596639
78940.00000000001,0.0520026430323568
79140.0,0.1434986202041522
79340.0,0.1333740191169017
79540.0,0.01738710565058
79740.00000000001,0.1728212653662675
79940.00000000001,0.1587357682613538
80140.0,0.2242003498044336
80340.0,0.2897969383535027
80540.0,0.2071218502549031
80740.00000000001,0.1384550964674558
80940.00000000001,0.1029967640390954
81140.0,0.0731704202908583
81340.0,0.0182934743814395
81540.0,-0.0656962449900334
81740.00000000001,-0.145203943551842
81940.00000000001,-0.0316470988394247
82140.0,-0.0528864003293135
82340.0,-0.1171629744450148
82540.0,-0.1262281381008004
82740.00000000001,-0.0697015867395154
82940.00000000001,-0.1449649187898847
83140.0,-0.1544980587907231
83340.0,-0.256492214091027
83540.0,-0.258511855929924
83740.00000000001,-0.2611659396261033
83940.00000000001,-0.2307105280629119
84140.0,-0.068987972054895
84340.0,-0.0565625943284763
84540.0,-0.0952929796115461
84740.00000000001,-0.1360154139134642
84940.00000000001,-0.1393288804834843
85140.0,-0.0963094278540795
85340.0,-0.0546579433480382
85540.0,-0.0238819845131769
85740.00000000001,-0.0329889891266539
85940.00000000001,-0.0605054542123238
86140.0,-0.1061482776691839
86340.0,-0.0234233293478483
86540.0,0.0866603778899399
86740.00000000001,0.2150102685864684
86940.00000000001,0.2077295341496237
87140.0,0.1105595713416358
87340.0,0.198077906866906
87540.0,0.3167972324746091
87740.00000000001,0.1918630533350013
87940.00000000001,0.2429029005472268
88140.0,0.2633530865886084
88340.0,0.234880518822691
88540.0,0.2082853341719301
88740.00000000001,0.1196298621877573
88940.00000000001,-0.0631803052279656
89140.0,-0.0352341478920874
89340.0,-0.0134526549304238
89540.0,-0.0950388299386933
89740.00000000001,-0.0329596792922896
89940.00000000001,0.0157763168440876
90140.0,-0.0860075688792515
90340.0,-0.1025866239445183
90540.0,-0.0895978185869536
90740.0,-0.0749349921017155
90940.0,-0.0587464611946098
91140.0,-0.0538385025508263
91340.0,-0.1194122794187489
91540.0,-0.1151571491809857
91740.0,-0.0768878479005571
91940.0,-0.0731051890011451
92140.0,-0.0839622912291007
92340.0,-0.1021048019105161
92540.0,-0.0738332050986519
92740.0,-0.0454012433780161
92940.0,-0.016936607770404
93140.0,0.0016050477650979
93340.0,0.0199486427517358
93540.0,0.0379916665191113
93740.0,0.0149260264833876
93940.0,0.0508863655155524
94140.0,0.117570621392975
94340.0,0.1261519358192084
94540.0,0.0437924717760261
94740.0,-0.0077935536931356
94940.0,-0.025458194734364
95140.0,-0.0275841168381609
95340.0,-0.0305586099677563
95540.0,-0.0195939691363839
95740.0,-0.0146062247232134
95940.0,-0.0347787867397087
96140.0,-0.0108442204812439
96340.0,-0.0147409249838775
96540.0,-0.0307389407290373
96740.0,-0.0398563600983026
96940.0,0.0881744081303618
97140.0,0.0711027801289148
97340.0,0.0195869307421784
97540.0,-0.0082766748143471
97740.0,0.0240720184071854
97940.0,0.0132375549451073
98140.0,0.0148858131630583
98340.0,0.0380173080146961
98540.0,0.0212063546122574
98740.0,0.0037120750196673
98940.0,0.026617941822899
99140.0,0.0629457241723677
99340.0,0.0205045154321494
99540.0,-0.0224966730371411
99740.0,-0.075255095315889
99940.0,-0.0851718910244726
100140.0,0.0199257986605491
100340.0,0.0921268138062445
100540.0,0.0672394877842374
100740.0,0.0280538374215679
100940.0,0.0576464741242534
101140.0,-0.0346649330906158
101340.0,-0.0948743484414942
101540.0,-0.0726777116784847
101740.0,0.044666575047056
101940.0,0.0133631284822493
102140.0,0.0160280626075818
102340.0,-0.0188241561680165
102540.0,-0.115370866576932
102740.0,-0.1079176195418281
102940.0,-0.1481210120626645
103140.0,-0.1592629095151671
103340.0,-0.1243789399086481
103540.0,-0.1124346278271004
103740.0,-0.1000945569073845
103940.0,-0.0873217142413518
104140.0,-0.0266452691424248
104340.0,0.0370151435451568
104540.0,0.1011779877169428
104740.0,0.1658494714252301
104940.0,0.2310260188566955
105140.0,0.1734614887785361
105340.0,0.1736366843687797
105540.0,0.280607956818223
105740.0,0.2903914913954918
105940.0,0.2573079691140192
106140.0,0.1982129431813256
106340.0,0.1393230584288826
106540.0,0.0805656157410502
106740.0,0.0292191714658102
106940.0,-0.0172437287805208
107140.0,-0.0783716807535308
107340.0,-0.1369929995534264
107540.0,-0.1486627500309069
107740.0,-0.1606171464805268
107940.0,-0.1729020594474241
108140.0,-0.1855514699674123
108340.0,-0.198586112197878
108540.0,-0.212012473265497
108740.0,-0.2258221843614205
108940.0,-0.2399918253100167
109140.0,-0.2544831526239894
109340.0,-0.2692437478871882
109540.0,-0.2842080692676058
109740.0,-0.1230380042534984
109940.0,0.0422666895646485
110140.0,0.1916272503352009
110340.0,0.1988588830364252
110540.0,0.138923137080678
110740.0,0.135068466140413
110940.0,0.1576851270133711
111140.0,0.1468744771554817
111340.0,0.1700660565154746
111540.0,0.0913491651357848
111740.0,0.1093501404485366
111940.0,0.1651705110189435
112140.0,0.116507255399927
112340.0,0.1078642659220274
112540.0,0.1882792618442818
112740.0,0.0327782670056417
112940.0,0.0773758194321968
113140.0,0.0510754358620316
113340.0,-0.0513115166557623
113540.0,-0.0251649403698929
113740.0,0.0093086623437579
113940.0,-0.0483772115427589
114140.0,-0.0464423933092646
114340.0,-0.2185660622417473
114540.0,-0.0757036771003547
114740.0,0.0178233255401188
114940.0,-0.1428872407300362
115140.0,-0.091542545151558
115340.0,-0.0829934052582088
115540.0,-0.1289420858471384
115740.0,-0.1402431772649743
115940.0,-0.0824546480502978
116140.0,-0.086264075019296
116340.0,-0.0785915172699067
116540.0,0.0269825816282969
116740.0,0.017213589903203
116940.0,-0.0145197939464286
117140.0,-0.029746300983187
117340.0,0.0558549562930895
117540.0,0.0088680519390567
117740.0,0.1051957401331938
117940.0,0.0263541889410762
118140.0,-0.0529018463625071
118340.0,0.1622625762069427
118540.0,-0.0107817098991024
118740.0,0.0355617297707247
118940.0,0.0565181918739719
119140.0,0.1192925772114753
119340.0,0.1235079729439202
119540.0,0.0733402688014649
119740.0,0.1183120510729933
119940.0,0.0583723370230489
120140.0,0.0796589665072297
120340.0,-0.0250246169817253
120540.0,0.0242674989491233
120740.0,0.0451006202553309
120940.0,-0.1454350253904532
121140.0,-0.1559616134631472
121340.0,0.0229965469490014
121540.0,-0.0357481985508951
121740.0,-0.0242147323405969
121940.0,-0.0709339678647815
122140.0,-0.143014389198969
122340.0,-0.1874055326578568
122540.0,-0.0601286574744654
122740.0,0.0233385698825049
122940.0,-0.2102914405599779
123140.0,-0.0407201911122038
123340.0,-0.0176696862540968
123540.0,0.0046276420437917
123740.0,0.0261745399308519
123940.0,0.0595148820218571
124140.0,0.092272359932757
124340.0,0.042266164058245
124540.0,-0.0606216624019003
124740.0,0.0361267301855682
124940.0,-0.0115792074845519
125140.0,-0.0216667569825242
125340.0,-0.0044766683450042
125540.0,0.011931601790823
125740.0,0.0419752703314014
125940.0,0.156730657123723
126140.0,0.0928216370072698
126340.0,-0.0286917498985255
126540.0,-0.064535626974428
126740.0,0.0302222361049087
126940.0,0.0713393450110444
127140.0,-0.0074534595809956
127340.0,0.0520605338255693
127540.0,0.1419775901874145
127740.0,0.0338816934337044
127940.0,0.1666671964642497
128139.99999999999,0.1464884540318448
128340.0,0.2877822658897477
128539.99999999999,0.1154780007392775
128739.99999999999,0.1011245497638683
128940.0,-0.0377117518151134
129139.99999999999,-0.0424157744514726
129340.0,-0.1639796963922475
129539.99999999999,0.4072992230918453
129739.99999999999,-0.1134958523880483
129940.0,-0.0276909374161378
130139.99999999999,-0.054810977628449
130340.0,-0.3229031366828386
130539.99999999999,-0.1001269996315332
130739.99999999999,-0.1702700731815263
130940.0,-0.3058302935183517
131140.0,-0.0827239117237515
131340.0,-0.3454437839223695
131540.0,-0.3176961122419451
131739.99999999997,-0.0426194268186214
131940.0,-0.111549434564214
132140.0,-0.0236940183428209
132340.0,-0.1837169990800108
132540.0,-0.1277338231173338
132739.99999999997,0.1903947160195733
132940.0,0.1139813845946391
133140.0,0.219108638536242
133340.0,0.2840961554033491
133540.0,0.1639722561776802
133739.99999999997,-0.0326013661853847
133940.0,0.0692902312297447
134140.0,0.1351010657763266
134340.0,-0.0469907956906233
134540.0,0.0616728379675633
134739.99999999997,-0.1012818464697559
134940.0,0.0542581321434757
135140.0,0.0632031511041673
135340.0,-0.088899537342757
135540.0,0.0253829815398263
135739.99999999997,0.0851910275631231
135940.0,-0.0739375160541463
136140.0,0.0262413760243661
136340.0,0.0404957822576869
136540.0,0.1565875036421584
136739.99999999997,0.1502844027853604
136940.0,0.1337911708426842
137140.0,0.1105891249725998
137340.0,0.1256141159431048
137540.0,-0.0269567167128305
137739.99999999997,-0.1073278550639345
137940.0,-0.1072225590627566
138140.0,-0.0627207178204469
138340.0,0.0098298856536703
138540.0,-0.015685425166527
138739.99999999997,-0.0851266658186084
138940.0,-0.1187718498216741
139140.0,-0.0699201312079972
139340.0,-0.042973528240175
139540.0,-0.0822818602935131
139739.99999999997,0.000308705980319
139940.0,0.0210695204097279
140140.0,0.0720407202779518
140340.0,0.0209824082575666
140540.0,-0.02998259612814
140739.99999999997,0.0037822341118439
140940.0,0.0380780264404685
141140.0,0.0831296321527726
141340.0,0.1119113084883226
141540.0,-0.1070027123207381
141739.99999999997,-0.2867877748007943
141940.0,-0.1723934849217214
142140.0,-0.0820435421073503
142340.0,0.0176712904341457
142540.0,0.0893272566634715
142739.99999999997,-0.061858984501758
142940.0,-0.0372412789865356
143140.0,0.1290976369051538
143340.0,0.1192929351684687
143540.0,0.0622233820835861
143739.99999999997,0.0600896149916951
143940.0,-0.1086918171632147
144140.0,-0.2609628509075771
144340.0,-0.0535614750186025
144540.0,0.0988854953906561
144739.99999999997,0.1495586066475599
144940.0,0.1222621302561191
145140.0,-0.0037222101938634
145340.0,0.0850747905411912
145540.0,0.1425134807024565
145739.99999999997,0.0109194802833586
145940.0,0.0561304750869784
146140.0,0.0876973810985511
146340.0,-0.0151777471973196
146540.0,-0.086748742619753
146739.99999999997,-0.2729959402963584
146940.0,-0.0529916357567255
147140.0,0.0455401883454965
147340.0,0.048004534606713
147540.0,-0.0849421936546607
147739.99999999997,-0.0384188510046104
147940.0,0.1406921319365887
148140.0,0.0495171282016497
148340.0,-0.0418553645273646
148540.0,-0.0766408021667547
148739.99999999997,0.0819290230240354
148940.0,0.1324061486608274
149140.0,0.088976937176474
149340.0,0.1103573469947511
149540.0,0.1110805451699855
149739.99999999997,-0.0214868000078942
149940.0,-0.1102379702373828
150140.0,-0.1670671522884258
150340.0,-0.3539121162095682
150540.0,-0.1747703136478655
150739.99999999997,-0.0155562711073199
150940.0,0.0320977395732464
151140.0,0.0768593259059252
151340.0,0.1109440202359797
151540.0,0.1247971764864873
151739.99999999997,0.0785503598584711
151940.0,0.0420192105723573
152140.0,0.0285476201452352
152340.0,0.014803485033566
152540.0,0.0007967651312438
152739.99999999997,-0.0103960082323968
152940.0,-0.0180800352599708
153140.0,-0.0084801523071791
153340.0,0.0184216643592715
153540.0,0.0223143148784031
153740.0,0.0032205717450241
153940.0,-0.0100840712581321
154140.0,-0.0195463664209736
154340.0,-0.0165850750200676
154540.0,-0.0069363164270327
154740.0,0.0104586608483809
154940.0,0.0312072202822492
155140.0,-0.0054348263024863
155340.0,-0.0611172923214626
155540.0,-0.097894428895675
155740.0,-0.1297813034517236
155940.0,-0.0801862389943955
156140.0,-0.021268439087277
156340.0,-0.0152068953735056
156540.0,-0.0115557366083004
156740.0,-0.050034857349102
156940.0,-0.0809362412593762
157140.0,0.023617466794358
157340.0,0.106459325638548
157540.0,0.0637373574038093
157740.0,0.0229301276810535
157940.0,-0.0120062966610879
158140.0,-0.0212865274717018
158340.0,0.0451446818651328
158540.0,0.087467514586488
158740.0,0.0561945444408167
158940.0,0.0516421181215833
159140.0,0.0961740113947749
159340.0,0.128900828169441
159540.0,0.1436106591529558
159740.0,0.1498481288955409
159940.0,0.1431019060668488
160140.0,0.0146683996916612
160340.0,-0.2355183558770548
160540.0,-0.2587820959529313
160740.0,-0.2063532844725183
160940.0,-0.1314026672885792
161140.0,-0.0147322910853667
161340.0,0.1018384486569413
161540.0,0.1505539138681971
161740.0,0.1990400208372489
161940.0,0.2048223890867558
162140.0,0.1819881078802713
162340.0,0.1608189076534419
162540.0,0.1453757723732795
162740.0,0.1294864262544837
162940.0,-0.1349591598099827
163140.0,-0.4436535640196451
163340.0,-0.3429312996555063
163540.0,-0.2210784658946765
163740.0,-0.2970834119983995
163940.0,-0.350598929086752
164140.0,-0.2092627639409552
164340.0,0.0601315282037924
164540.0,-0.0880506266346992
164740.0,-0.132384099968304
164940.0,-0.0727837848307093
165140.0,0.0003372887571454
165340.0,0.0752562839102474
165540.0,0.1175863793518783
165740.0,0.1429111352777808
165940.0,0.1364437195719728
166140.0,0.135764922896633
166340.0,0.139162699259939
166540.0,0.1431432308649305
166740.0,0.1432054148378684
166940.0,0.1182127763137943
167140.0,0.1289258684220432
167340.0,0.192866789646647
167540.0,0.155620856746954
167740.0,0.07530085076527
167940.0,0.0593229750628104
168140.0,0.059369716957806
168340.0,0.0964996693165108
168540.0,0.0938593204549214
168740.0,0.0513442535402278
168940.0,0.0338067721934248
169140.0,0.0268555981479903
169340.0,0.0646314118021778
169540.0,0.0394855919029677
169740.0,-0.0626026441072214
169940.0,-0.0297257643536309
170140.0,-0.1422794122535584
170340.0,-0.4953286378920327
170540.0,-0.3961857822298392
170740.0,-0.2605074754569504
170940.0,-0.1774485276395294
171140.0,-0.1283574996290531
171340.0,-0.1072487875739973
171540.0,-0.0940124897735961
171740.0,-0.079049230922198
171940.0,-0.0428981802262282
172140.0,0.0136367871971707
172340.0,0.0906093572362299
172540.0,0.1205293313890762
172740.0,0.138770143368551
172940.0,0.1404459969780531
173140.0,0.1488558214637274
173340.0,0.1640903421560807
173540.0,0.1242994046383946
173740.0,0.070586801741866
173940.0,0.0167160245481036
174140.0,0.0028985874795804
174340.0,0.0381385254974415
174540.0,-0.1066850423606163
174740.0,-0.2548826142204707
174940.0,-0.1677495810864602
175140.0,-0.0802951593368809
175340.0,-0.0547520389668957
175540.0,-0.0397770634410876
175740.0,0.0001629254801333
175940.0,0.0705389614466157
176140.0,0.135328169894226
176340.0,0.1661271778711898
176540.0,0.1974192636303148
176740.0,0.162693773832482
176940.0,0.1062441786317991
177140.0,0.0688393470565381
177340.0,0.0597503104764343
177540.0,0.0529224617959346
177740.0,0.0641421852732993
177940.0,0.0754947448109385
178140.0,0.0480836412662489
178340.0,0.0040066645715464
178540.0,-0.0168725802652945
178740.0,0.0319870989157562
178940.0,0.0805738811161329
179140.0,0.1288159405091128
179340.0,0.0726413488252891
179540.0,-0.0690932521669561
179740.0,-0.2113324975893093
179940.0,-0.3541051357071838
180140.0,-0.2467258038133217
180340.0,-0.1204546266516777
180540.0,-0.1676604984884582
180740.0,-0.1045891072812322
180940.0,-0.0335192731565815
181140.0,-0.0799237148437829
181340.0,-0.1632840957275917
181540.0,-0.1915381490187248
181740.0,-0.0694581715285973
181940.0,-0.0905315486025137
182140.0,-0.0835894814620094
182340.0,0.0222978525341174
182540.0,0.0789780348544273
182740.0,0.110901070589456
182940.0,0.1186769866719833
183140.0,0.1241642400501365
183340.0,0.1018058887292471
183540.0,0.0457443797235962
183740.0,0.0448026975752183
183940.0,0.0489323683794521
184140.0,0.0567589232843818
184340.0,0.0383241571262473
184540.0,0.0583962388962492
184740.0,0.0986019461536345
184940.0,0.0351798902204153
185140.0,0.0664568142510543
185340.0,0.1334839852460387
185540.0,0.1381890874055122
185740.0,0.1011081258198686
185940.0,0.0689924520762947
186140.0,0.0515178175612781
186340.0,0.0321120073016203
186540.0,0.0521656851068086
186740.0,0.0701188817401747
186940.0,0.0651092051068445
187140.0,-0.0032882357970325
187340.0,0.0017966948789465
187540.0,0.0223668719520368
187740.0,-0.0132319812461327
187940.0,-0.0617535546853907
188140.0,-0.1174290361067699
188340.0,-0.0871004247814408
188540.0,-0.053992356648645
188740.0,-0.0781172152880326
188940.0,-0.0820788294255194
189140.0,-0.048022266569674
189340.0,-0.0149430330281315
189540.0,0.0170920284007145
189740.0,0.0480359580373573
189940.0,0.0778623321480058
190140.0,-0.1689463522049167
190340.0,-0.046492494731832
190540.0,-0.2036292175196906
190740.0,-0.3177084286830661
190940.0,-0.3695392261111689
191140.0,-0.3430475584858949
191340.0,-0.2222582241081896
191540.0,-0.102094913251795
191740.0,-0.0342803031227157
191940.0,-0.0186780241144055
192140.0,-0.0032957948750679
192340.0,0.1838594735064801
192540.0,0.2794222681527427
192740.0,0.2041866127709549
192940.0,0.1276528348311207
193140.0,0.1432526079477879
193340.0,0.09563979309826
193540.0,-0.0239557234915784
193740.0,0.1571218894466911
193940.0,0.1000269347611684
194140.0,0.0562411131207201
194340.0,0.0017558187916418
194540.0,0.3079651170643196
194740.0,0.2629949012190743
194940.0,0.061224223971518
195140.0,0.1988637242354951
195340.0,0.1369201100144561
195540.0,0.2341610483290476
195740.0,0.1360063501710515
195940.0,0.1080659438399399
196140.0,-0.1605816226591377
196340.0,0.0202690338861973
196540.0,-0.2736382768426088
196740.0,-0.0228968335035591
196940.0,-0.0870222008292232
197140.0,-0.1776756794170713
197340.0,-0.1273379858553878
197540.0,-0.2336817687101004
197740.0,-0.1700697958873955
197940.0,-0.0893279872100464
198140.0,-0.0978905080454966
198340.0,-0.1137965738495686
198540.0,-0.2565383846215074
198740.0,-0.0320523315150382
198940.0,-0.203572690035709
199140.0,-0.1912997275962573
199340.0,-0.0581698659868095
199540.0,0.0734852903069096
199740.0,0.0678466824736609
199940.0,0.0387521239518797
200140.0,-0.0180485709583415
200340.0,-0.0185007456353642
200540.0,-0.2472915593717908
200740.0,-0.160564054051095
200940.0,-0.1528189691423662
201140.0,0.0578228754440297
201340.0,0.2334334180684478
201540.0,0.2555604633284218
201740.0,0.1473434217951769
201940.0,0.2215290724623208
202140.0,0.2765860903306163
202340.0,0.226883899081756
202540.0,0.0829293119213212
202740.0,0.1153966103176587
202940.0,0.0651431803125802
203140.0,0.0926770330939363
203340.0,0.1037773396443498
203540.0,-0.0140768737114675
203740.0,-0.0788492089341553
203940.0,-0.0182310214502487
204140.0,-0.0117358898128279
204340.0,-0.0498415610992287
204540.0,-0.1118460732481408
204740.0,-0.0861047532456291
204940.0,0.0256852115606038
205140.0,-0.1048473984340823
205340.0,0.0979676080412024
205540.0,-0.0697284602805393
205740.0,0.0139160156981857
205940.0,-0.0382978913376997
206140.0,0.0088099039392875
206340.0,-0.0762482010921975
206540.0,-0.0098171311014537
206740.0,-0.0123840870771026
206940.0,0.0278506985804793
207140.0,-0.0478825968005786
207340.0,0.0697437731403822
207540.0,0.0151555232916265
207740.0,-0.0356947871885343
207940.0,-0.0258037376675114
208140.0,-0.0342597943817871
208340.0,0.0008043159058726
208540.0,-0.0420742043511309
208740.0,-0.0653074700263429
208940.0,0.264790405605728
209140.0,0.0113362458651315
209340.0,-0.1501702988614725
209540.0,-0.2199425652929963
209740.0,-0.0257170614074074
209940.0,-0.0455161153999098
210140.0,-0.0912201251395157
210340.0,0.0372887031030142
210540.0,0.0521254330828506
210740.0,-0.0194556811941412
210940.0,-0.091490692339494
211140.0,0.0139690145100451
211340.0,-0.0016662719417208
211540.0,0.1013761497769014
211740.0,0.0609959587195548
211940.0,-0.0287346926246264
212140.0,0.1552955048020864
212340.0,0.0990088269867504
212540.0,0.1451361034095191
212740.0,0.0892220506028661
212940.0,-0.023750609393399
213140.0,0.1256993014127371
213340.0,0.0187805259520493
213540.0,0.0141639723474058
213740.0,0.0861175299259662
213940.0,0.0933077513425185
214140.0,0.09160171504616
214340.0,-0.0559309528904567
214540.0,0.0125840769774999
214740.0,0.1222280964584451
214940.0,0.1119583549051526
215140.0,0.0332770902012423
215340.0,0.0589005602561243
215540.0,0.052094700761804
215740.0,-0.0111893042060169
215940.0,-0.0913795891876963
216140.0,-0.1111983660792734
216340.0,0.103673069083423
216540.0,-0.1205209740660654
216740.0,-0.2509429117008516
216940.0,-0.2684446199929206
217140.0,-0.2859006190314631
217340.0,-0.2906250803637699
217540.0,-0.2604393517080414
217740.0,0.0113266577000278
217940.0,-0.1092340948986709
218140.0,-0.3593581870149183
218340.0,-0.4037979246565029
218540.0,-0.2813246185242036
218740.0,0.2808344434082354
218940.0,-0.093024602071859
219140.0,-0.1708363252011314
219340.0,0.0499964326785925
219540.0,0.2650316624134009
219740.0,0.3136840589430074
219940.0,0.21412110121586
220140.0,0.2302261094231353
220340.0,0.2567617018496634
220540.0,0.3675337233912214
220740.0,0.3735057022430182
220940.0,0.1503472099258395
221140.0,0.3057328158040717
221340.0,0.2531749727846674
221540.0,0.1309408176600866
221740.0,0.03321952072956
221940.0,-0.0032265297144057
222140.0,-0.0181601033048255
222340.0,0.0862995323955422
222540.0,0.0232955673949788
222740.0,-0.0492961533727857
222940.0,-0.0945515482274838
223140.0,-0.1469255055345434
223340.0,-0.2826791009514512
223540.0,-0.3502521393958644
223740.0,-0.3090215679455979
223940.0,-0.2065339145019836
224140.0,-0.1149366252529538
224340.0,-0.1211596849082279
224540.0,-0.0394141915505187
224740.0,-0.031974544986681
224940.0,-0.0060108987707906
225140.0,0.0448614802527451
225340.0,0.0384826377424814
225540.0,0.0795981708540174
225740.0,0.0156926418674247
225940.0,0.0246728593239516
226140.0,0.0629510495714577
226340.0,0.0320112719384843
226540.0,-0.0035242381354408
226740.0,-0.047428782221544
226940.0,0.0221950447589932
227140.0,0.0270815661467824
227340.0,-0.1760317853644875
227540.0,0.0333283828555779
227740.0,0.1068042820033411
227940.0,0.0625398263171953
228140.0,0.0180135654927687
228340.0,-0.0320283133271403
228540.0,0.1512611039520142
228740.0,0.0875190607678843
228940.0,0.150557719762979
229140.0,-0.0064049685580199
229340.0,0.0679007680713613
229540.0,-0.0032859412762391
229740.0,-0.0380868863097495
229940.0,-0.0400864742091192
230140.0,0.0315382693171279
230340.0,0.3753652336798024
230540.0,0.0319599325075818
230740.0,-0.1282904121776845
230940.0,-0.1325261193531298
231140.0,-0.1065143351836641
231340.0,-0.1387483965792598
231540.0,-0.165613973977815
231740.0,-0.0895553545342682
231940.0,0.0056247809452767
232140.0,0.0247320757177274
232340.0,-0.0905529603243977
232540.0,-0.0534252477263917
232740.0,-0.1264389379635936
232940.0,-0.1018413803868456
233140.0,-0.0104239156131892
233340.0,0.0594771827405286
233540.0,0.1030629691187709
233740.0,0.0654039797258513
233940.0,0.0233723029015865
234140.0,-0.0477930795536147
234340.0,-0.1253209969820012
234540.0,-0.1152428279526533
234740.0,-0.0299939268603372
234940.0,0.1106849424310224
235140.0,0.1174961863781822
235340.0,0.0137340008503742
235540.0,-0.0616251067648036
235740.0,-0.0538725234477808
235940.0,-0.0457227334103612
236140.0,0.0250598306288808
236340.0,0.0776861148376925
236540.0,0.0558485423508842
236740.0,-0.0104801909023943
236940.0,0.0627739903997916
237140.0,0.0755364384307332
237340.0,0.0693839136411919
237540.0,0.057478296364806
237740.0,0.0271505547906483
237940.0,0.0659016412704424
238140.0,0.0081869847145612
238340.0,0.0807512433977327
238540.0,0.1877799795880141
238740.0,0.1917015815918399
238940.0,0.1537394230419488
239140.0,0.0752142435599486
239340.0,0.0270467246892538
239540.0,0.0370102243734163
239740.0,0.0786836245168252
239940.0,0.0566542409506103
240140.0,-0.0234792575209859
240340.0,-0.0658539771093127
240540.0,-0.0663043195923931
240740.0,-0.0885571884283726
240940.0,-0.0375263265950644
241140.0,-0.1648596903704302
241340.0,-0.0748168351284922
241540.0,-0.2331686687955734
241740.0,-0.2011525826711417
241940.0,-0.069592884107819
242140.0,-0.229725017765485
242340.0,-0.0476609107309257
242540.0,-0.3959284922349115
242740.0,-0.2062449267323514
242940.0,-0.0878540316441851
243140.0,-0.3047082798366528
243340.0,-0.0483777255616003
243540.0,-0.196571841693971
243740.0,-0.2287841762889833
243940.0,-0.190252264738075
244140.0,0.1983313897610649
244340.0,0.4215112090029542
244540.0,0.3184825023591475
244740.0,0.1440928978607976
244940.0,0.2738245125826796
245140.0,0.3300503975978116
245340.0,0.2919788391625584
245540.0,0.2442916739155488
245740.0,0.2275820665853473
245940.0,0.0709906271042529
246140.0,0.0095673381147237
246340.0,0.0942164188369535
246540.0,0.16307024977134
246740.0,0.2107208934573377
246940.0,0.0204740066088652
247140.0,-0.0080672104838891
247340.0,-0.0545496211791946
247540.0,-0.0523186097063787
247740.0,0.0197160627570161
247940.0,-0.1029722921842459
248140.0,-0.1126127506411937
248340.0,-0.2020464168351735
248540.0,-0.1574712913468984
248740.0,-0.2271762676169242
248940.0,-0.1314291384390552
249140.0,-0.1425031828171287
249340.0,-0.1204121588061985
249540.0,-0.3407761825967425
249740.0,0.0803544773733402
249940.0,0.0919623035104953
250140.0,0.0386412043061718
250340.0,-0.010263754837581
250540.0,0.0478293614147102
250740.0,0.1184556912263232
250940.0,-0.0590355321865206
251140.0,0.0587204605365729
251340.0,0.1274097171420298
251540.0,0.0072316703744175
251740.0,0.073777985884908
251940.0,-0.0851326101261029
252140.0,0.0518720929687217
252340.0,-0.0715809966479481
252540.0,0.158077454036248
252740.0,0.0112369505230056
252940.0,0.0290324958711287
253140.0,-0.0851745628198499
253340.0,-0.0224638641796831
253540.0,-0.0499440212346265
253740.0,0.0282942898250911
253940.0,0.0331678378743207
254140.0,-0.0432704700306353
254340.0,-0.1038884891183625
254540.0,0.0179994037911818
254740.0,0.031714621134521
254940.0,0.0456971838307903
255140.0,0.1039885733349717
255340.0,0.010242102302546
255540.0,0.1350300460865676
255740.0,0.0014475438133943
255940.0,0.0670901980668899
256140.0,-0.0562209991080255
256339.99999999997,-0.1068904947966012
256540.00000000003,-0.0401417980940885
256740.0,-0.143622036851566
256940.0,-0.0521822894866608
257140.0,-0.0029875399004811
257339.99999999997,0.0162415490711036
257540.00000000003,0.0514045015944267
257740.0,0.0979552046117705
257940.0,0.1362867138370101
258140.0,0.1366765903878164
258339.99999999997,-0.0741193138027749
258540.00000000003,-0.2146246203585593
258740.0,0.0650944096819615
258940.0,0.094967990935442
259140.0,0.0710773890820851
259339.99999999997,0.0506007770687114
259540.00000000003,0.0519239935956608
259740.0,-0.1239299591319482
259940.0,0.0102165392213799
260140.0,-0.026698875827145
260339.99999999997,0.1314620255679455
260540.00000000003,0.1206215102480582
260740.0,-0.0407108988250797
260940.0,0.107408735877723
261140.0,0.0197113849392368
261339.99999999997,0.0135731101403569
261540.00000000003,0.0344554628831313
261740.0,-0.0484344399449427
261940.0,-0.2937916635699182
262140.0,-0.0739822430449675
262340.0,-0.0690539199501982
262540.0,-0.0239888528755528
262740.0,-0.1072752395384484
262940.0,-0.2994242301779818
263140.0,-0.0610475182505211
263340.0,-0.4345065940440466
263540.0,0.0266355802469275
263740.0,0.010415439840066
263940.0,-0.0865546610495102
264140.0,0.0478349959713237
264340.0,0.0509150491909299
264540.0,-0.0560833854848881
264740.0,0.0911453537664548
264940.0,0.217122627603997
265140.0,0.0724630067698533
265340.0,0.0108508172791037
265540.0,0.093526008244065
265740.0,-0.0130429773926355
265940.0,-0.0866839265506842
266140.0,-0.107140595850168
266340.0,0.2173517378262881
266540.0,0.1665129493259322
266740.0,0.156314812095816
266940.0,0.0604098829710699
267140.0,0.1052969238221419
267340.0,0.0922448299660773
267540.0,0.1021838396510333
267740.0,0.043948617216247
267940.0,0.0264775762472629
268140.0,0.0559574174798245
268340.0,-0.0036256206981591
268540.0,0.0792413879583515
268740.0,-0.1979934435087852
268940.0,-0.1641427291517032
269140.0,-0.0097724941249966
269340.0,-0.1230795905872688
269540.0,-0.1523077362494298
269740.0,-0.1431637515322306
269940.0,-0.1520032569983898
270140.0,-0.1203902510713604
270340.0,-0.1994921223833549
270540.0,-0.0758485646782672
270740.0,-0.0791187860611669
270940.0,-0.0478896218720681
271140.0,-0.0151969545728241
271340.0,0.081966079252845
271540.0,-0.0497673247088267
271740.0,-0.0053869312357849
271940.0,-0.001083331691419
272140.0,0.0317581415794724
272340.0,0.1163546462533378
272540.0,-0.1553912575123388
272740.0,0.1409898373264862
272940.0,0.1598222475568818
273140.0,0.1058150727327991
273340.0,0.0829621117370475
273540.0,0.1020682576651452
273740.0,0.1665727162643905
273940.0,-0.0553639115169025
274140.0,-0.0428932959368471
274340.0,0.0171903782222968
274540.0,0.0931422639490929
274740.0,0.0655192529510537
274940.0,-0.0260070809920231
275140.0,-0.0820462340911823
275340.0,0.0779946809230118
275540.0,0.0101966562105155
275740.0,0.0123925881753414
275940.0,-0.0874809671382834
276140.0,-0.0963287100161671
276340.0,-0.0625997356177216
276540.0,-0.1694741820593306
276740.0,0.0133786916728252
276940.0,0.018701763964242
277140.0,0.0289029550380866
277340.0,-0.1604281272240358
277540.0,0.1279415273259987
277740.0,0.0909105074089008
277940.0,0.0511970559245285
278140.0,0.1123393415999116
278340.0,0.0136957806936365
278540.0,0.0765992570587483
278740.0,-0.1081699260816904
278940.0,0.0947263126704053
279140.0,0.0027118088943567
279340.0,0.0056263493593188
279540.0,0.1805084660619753
279740.0,-0.0174028026731347
279940.0,-0.0906380811185067
280140.0,-0.1787442082595509
280340.0,-0.1719590058895414
280540.0,-0.0406614557592491
280740.0,-0.0510531419662135
280940.0,-0.1154877332542496
281140.0,0.1573642766540332
281340.0,-0.0709459612493404
281540.0,0.037068565977979
281740.0,-0.0233012670800004
281940.0,-0.003631235860136
282140.0,0.0383503029869259
282340.0,0.0535423955780544
282540.0,0.1081196040266227
282740.0,0.1262790336167555
282940.0,0.0887016723525751
283140.0,0.0061236573848858
283340.0,-0.0170374729582176
283540.0,-0.0520784675887068
283740.0,0.0225610116826039
283940.0,-0.0030423031192623
284140.0,0.0069574390707427
284340.0,-0.0085171164904078
284540.0,0.0278081762270759
284740.0,-0.0489355679087604
284940.0,-0.0541668989476673
285140.0,-0.0805573885511734
285340.0,-0.1253943528857024
285540.0,-0.039427121862504
285740.0,-0.0390100415852173
285940.0,-0.0250037430117351
286140.0,0.0017667998326222
286340.0,0.0157685002243947
286540.0,0.1031153118507832
286740.0,0.0919710431263911
286940.0,0.0404125517767861
287140.0,0.0578827645845983
287340.0,0.0279258436180744
287540.0,0.0646831403558112
287740.0,0.0304149004445208
287940.0,0.0381502851455867
288140.0,0.1293252930607063
288340.0,0.030981227258367
288540.0,0.0998313935930868
288740.0,-0.0041116719213313
288940.0,0.0377943959455482
289140.0,-0.0243750252957397
289340.0,0.0938565076860351
289540.0,0.0217338371223114
289740.0,0.1100111510936686
289940.0,-0.0450360449739732
290140.0,-0.0263536002083945
290340.0,-0.1115566130267112
290540.0,-0.0872877110067138
290740.0,-0.1965883150272218
290940.0,-0.2835136892581706
291140.0,-0.2731969320332745
291340.0,-0.0596055159820331
291540.0,-0.1155416660807333
291740.0,-0.0199506691210407
291940.0,0.0264372671276547
292140.0,0.0247341991868693
292340.0,0.075059942198181
292540.0,0.1248741137717633
292740.0,0.0056414283527688
292940.0,0.0910354022749782
293140.0,-0.109255399943459
293340.0,-0.1211945829979913
293540.0,0.0421307686744758
293740.0,0.1461498531999522
293940.0,0.0121668223712743
294140.0,0.2593130474724299
294340.0,0.1927436927584871
294540.0,0.0353073002511761
294740.0,0.0077526819264051
294940.0,0.1274231526832227
295140.0,-0.0245003643982566
295340.0,0.0747567311943716
295540.0,-0.0697323659191347
295740.0,-0.0162369924109116
295940.0,-0.1522023580700925
296140.0,-0.0766212801308729
296340.0,-0.0140084338398844
296540.0,-0.0522848297953194
296740.0,-0.1748930448533497
296940.0,-0.1098227050626244
297140.0,-0.1047385376120672
297340.0,-0.0561468947330605
297540.0,0.0489377127771651
297740.0,0.0746594137120167
297940.0,0.0634877852306415
298140.0,0.0852846861264372
298340.0,0.1150377941215598
298540.0,0.0506941893827715
298740.0,-0.0498521652131469
298940.0,-0.0531959706204966
299140.0,0.0644515981525668
299340.0,-0.1719418061310941
299540.0,0.0273733189868753
299740.0,-0.056725041000789
299940.0,0.0116034124228291
300140.0,0.0813643683390315
300340.0,-0.1204167153425008
300540.0,-0.232568417866619
300740.0,-0.1786317548361458
300940.0,0.2444865734868002
301140.0,0.1519122441841808
301340.0,0.2100116748293713
301540.0,0.2509209677015194
301740.0,0.0806236607914095
301940.0,-0.0099586004105598
302140.0,-0.0250932403233411
302340.0,0.1437771832684703
302540.0,0.1722669352955082
302740.0,0.068885048975155
302940.0,0.0795069041401621
303140.0,0.0244605169288481
303340.0,0.0335581399219296
303540.0,-0.152411347689756
303740.0,-0.3984796407646432
303940.0,-0.1838314595550581
304140.0,-0.0800731069357404
304340.0,-0.1207192190695279
304540.0,-0.0486926031067755
304740.0,-0.1712602506447387
304940.0,-0.0146491220132049
305140.0,0.0099275300512692
305340.0,-0.2471923369280515
305540.0,-0.2351464182150816
305740.0,-0.0838956824647492
305940.0,-0.1882645206986153
306140.0,0.0046214814552271
306340.0,0.0173848064922361
306540.0,0.261816968562576
306740.0,-0.0452903043823426
306940.0,0.0811861318629286
307140.0,0.2230321145636217
307340.00000000006,0.2411942374467867
307540.0,0.2732780726162747
307740.0,0.2958799167106935
307940.0,0.1291553098892601
308140.0,-0.1559509282265406
308340.00000000006,-0.0286599194805502
308540.0,-0.1436685726229493
308740.0,0.0227262500365058
308940.0,-0.0104281550850078
309140.0,0.001873300089609
309340.00000000006,-0.1895454061015574
309540.0,-0.0849857195992083
309740.0,0.0146813074033386
309940.0,0.1557504475143596
310140.0,-0.2375479561340648
310340.00000000006,0.0766962468845445
310540.0,-0.0149229980196
310740.0,0.0705075828102803
310940.0,0.0540133101894508
311140.0,0.0055874376925054
311340.00000000006,0.1171465254936662
311540.0,0.1231282825604901
311740.0,0.010227594530668
311940.0,0.0183066721397068
312140.0,-0.0016620375700128
312340.00000000006,0.0439092106124102
312540.0,0.0611599270627305
312740.0,0.0675413888213435
312940.0,-0.0666076957287516
313140.0,-0.0851130269077611
313340.00000000006,-0.2095970336368882
313540.0,-0.2689544541339621
313740.0,-0.1500256603557812
313940.0,-0.1526977185885123
314140.0,0.0222070174209273
314340.00000000006,0.2209859985448977
314540.0,0.1717799249191083
314740.0,0.10098152465304
314940.0,0.0286769639624789
315140.0,-0.1668021062674295
315340.00000000006,-0.0564145738791188
315540.0,0.0526797782416383
315740.0,-0.0761548520856799
315940.0,-0.2283008278472275
316140.0,-0.0995367931718538
316340.00000000006,-0.1191764317646942
316540.0,-0.0772811918821295
316740.0,0.1360385668718834
316940.0,0.0391491476471098
317140.0,-0.0580330670642317
317340.00000000006,-0.1553423237070118
317540.0,-0.1801208994800246
317740.0,-0.1321996659651637
317940.0,-0.0839003650184591
318140.0,-0.12633407491851
318340.00000000006,0.2239243008215635
318540.0,-0.0320943193186694
318740.0,0.1346489842753678
318940.0,0.3490688948329035
319140.0,0.1313445792460476
319340.00000000006,0.2613306992279241
319540.0,-0.0133681228131966
319740.0,0.0865233384710126
319940.0,0.1327452478608794
320140.0,-0.2063799546934795
320340.00000000006,0.0871243273622315
320540.0,0.1843531700039335
320740.0,0.1062526938236723
320940.0,-0.0601699932426329
321140.0,0.1157359329089608
321340.00000000006,0.1023185471104696
321540.0,0.0573566438779013
321740.0,-0.0871347248619658
321940.0,-0.067059348865296
322140.0,0.0699058115576649
322340.00000000006,-0.113824666146185
322540.0,-0.0034274198009541
322740.0,-0.0120352890926278
322940.0,0.0320902457315745
323140.0,-0.0059573063208684
323340.00000000006,0.0088813146426468
323540.0,-0.1909437348959787
323740.0,-0.1052629106376697
323940.0,0.0659547847946314
324140.0,-0.0949797884083293
324340.00000000006,-0.2027658371798988
324540.0,-0.0339118239898508
324740.0,-0.0405456848116374
324940.0,0.0471529319016276
325140.0,-0.0479428448043634
325340.00000000006,-0.0703113283958775
325540.0,-0.0332903434460502
325740.0,0.0246113962630545
325940.0,0.0577769636742738
326140.0,0.086997024632679
326340.00000000006,0.0903810999794609
326540.0,-0.1570280077587622
326740.0,-0.0376783691744847
326940.0,-0.0625815469758699
327140.0,0.0515432507364697
327340.00000000006,-0.0069759165108473
327540.0,0.0260961587599965
327740.0,-0.0947509460027507
327940.0,0.0429368671839087
328140.0,-0.018839634117698
328340.00000000006,-0.053851307635317
328540.0,0.0542175691445737
328740.0,0.0275596818436446
328940.0,0.0132930521611437
329140.0,0.0238217201076257
329340.00000000006,0.0333051342419597
329540.0,0.0270688456963102
329740.0,0.0463999604643398
329940.0,0.0633879975701293
330140.0,0.0794763234702164
330340.00000000006,0.057045439673123
330540.0,0.1862453252306893
330740.0,-0.013737641727638
330940.0,-0.0885870253909945
331140.0,-0.0167968757295694
331340.00000000006,0.1224087196116586
331540.0,0.0923900355158002
331740.0,0.1164650912660753
331940.0,-0.0604815231604989
332140.0,-0.0445403838987615
332340.00000000006,-0.1405584412101478
332540.0,-0.1923641103653366
332740.0,-0.0274810865343342
332940.0,0.0006905723372967
333140.0,0.0036695939634042
333340.00000000006,0.057220424244496
333540.0,0.0597675002716774
333740.0,-0.0395475792041059
333940.0,0.1235800462511788
334140.0,0.117588446717229
334340.00000000006,0.0431987774746876
334540.0,0.1471207359433841
334740.0,0.1419088250309037
334940.0,-0.0292078452378008
335140.0,0.043658877357535
335340.00000000006,-0.0441235919739741
335540.0,-0.1344954388052179
335740.0,-0.0854922315279983
335940.0,-0.0669579746793555
336140.0,-0.0695859098703427
336340.00000000006,-0.0747609635605798
336540.0,-0.0488714378859092
336740.0,-0.0888908437700202
336940.0,-0.2158568776703215
337140.0,-0.2838930578737505
337340.00000000006,-0.2773920770849765
337540.0,-0.2575248945120322
337740.0,-0.3000067743573792
337940.0,-0.1486440539507984
338140.0,0.1896505711446597
338340.00000000006,0.3904642524507078
338540.0,0.5476620241816345
338740.0,0.5043235209544061
338940.0,0.3047775990629986
339140.0,0.0310814666537735
339340.00000000006,-0.2568096313021001
339540.0,-0.4678303350141884
339740.0,-0.280759724775021
339940.0,-0.2245409542826382
340140.0,-0.3430453464426889
340340.00000000006,-0.1694661344850373
340540.0,0.4015100246852415
340740.0,0.2126426916491745
340940.0,0.0261461665306034
341140.0,0.00592039070104
341340.00000000006,0.1568931665145133
341540.0,0.2160663239383913
341740.0,0.0644192998165211
341940.0,0.0578606254207055
342140.0,0.1212273342708709
342340.00000000006,0.160856101421591
342540.0,0.1083927741999294
342740.0,-0.0194930519270861
342940.0,-0.0074884324815238
343140.0,-0.1519696190924184
343340.00000000006,0.0559989299115003
343540.0,-0.2280009626148006
343740.0,-0.0410732410356746
343940.0,0.0726604333343952
344140.0,-0.1482711976723694
344340.00000000006,-0.1388779652118844
344540.0,-0.100754366593431
344740.0,-0.1674589862226668
344940.0,0.0581060741244168
345140.0,-0.0033509186426827
345340.00000000006,-0.0027479369715518
345540.0,0.0316103765232414
345740.0,-0.0451216671025147
345940.0,-0.0221215412236721
346140.0,0.2348778663295901
346340.00000000006,0.1903862841885019
346540.0,0.0621878785828672
346740.0,0.0707367395876533
346940.0,0.0558251183468301
347140.0,-0.0045665086998272
347340.00000000006,-0.12112934447068
347540.0,-0.081644654854524
347740.0,-0.0589909615722438
347940.0,-0.1643133709520889
348140.0,-0.0985696391629779
348340.00000000006,-0.0811712555365926
348540.0,-0.0188293034516559
348740.0,0.1139779066587534
348940.0,0.0638343514996349
349140.0,-0.0050895829771219
349340.00000000006,0.0615123170307727
349540.0,0.1124745086767998
349740.0,-0.0239382315750764
349940.0,-0.0587759392317528
350140.0,-0.1990114947991579
350340.00000000006,-0.046599806062771
350540.0,0.11718831969154
350740.0,-0.1195678824424325
350940.0,-0.0961411939312251
351140.0,-0.075318422320692
351340.00000000006,-0.1100798289901996
351540.0,0.0764109283870682
351740.0,0.1438760312598161
351940.0,-0.029178885510643
352140.0,-0.0945001635058264
352340.00000000006,-0.129073328299567
352540.0,-0.055302790755743
352740.0,0.0012945002585566
352940.0,-0.1189373905379041
353140.0,-0.3827754429631014
353340.00000000006,0.0221679910256196
353540.0,-0.0090287280431395
353740.0,0.277775206453653
353940.0,0.1622237771246278
354140.0,0.1112199353838821
354340.00000000006,0.1894088915299719
354540.0,0.1131919728332228
354740.0,0.0808490020854936
354940.0,0.2287843698001246
355140.0,0.1573247116020946
355340.00000000006,0.1830415491463398
355540.0,-0.0248321428834303
355740.0,0.0257464750739503
355940.0,-0.0145068993826713
356140.0,0.0632063467252656
356340.00000000006,0.006742072616761
356540.0,0.1790864389897007
356740.0,-0.0118803905684219
356940.0,0.0079033972848362
357140.0,-0.0554238465514113
357340.00000000006,-0.0387284809869787
357540.0,-0.2840461447046319
357740.0,-0.163746359770843
357940.0,-0.0926138776244594
358140.0,-0.0387634694095595
358340.00000000006,-0.0151619943830771
358540.0,0.0759922393363506
358740.0,0.0940328141139982
358940.0,-0.0302687623571363
359140.0,-0.0509876649389785
359340.00000000006,0.1451456573757834
359540.0,-0.1750632937813877
359740.0,0.1949179645810962
359940.0,-0.0771269448725238
360140.0,-0.1359726539942628
360340.0,-0.3787616759232523
360540.0,-0.3861476117351834
360740.0,-0.1787719481052084
360940.0,0.0014017442489263
361140.0,0.1770867066731639
361340.0,0.1743383557578706
361540.0,-0.0441718070282615
361740.0,0.0623702036271461
361940.0,0.0368157310024718
362140.0,0.0830125153987232
362340.0,0.0917383421163102
362540.0,0.0785842989952405
362740.0,0.0919186738173899
362940.0,0.0591107007977995
363140.0,0.0849882028934803
363340.0,0.0260139936691955
363540.0,0.0842719577672548
363740.0,-0.0475553660971535
363940.0,0.0790247269063737
364140.0,0.0451934484061348
364340.0,0.0368505304230999
364540.0,0.0274625730471853
364740.0,0.0778812344214088
364940.0,0.0209125447281073
365140.0,0.0063934020152384
365340.0,-0.1601206802680973
365540.0,-0.2926139034030787
365740.0,0.0158884845038425
365940.0,0.0707305572243247
366140.0,0.1155362664335009
366340.0,0.0399347189423712
366540.0,0.1154450966989316
366740.0,0.0383860860588599
366940.0,-0.0670215904821024
367140.0,-0.0583685582278997
367340.0,-0.0008653824357518
367540.0,0.0291345684878431
367740.0,0.0408979755123505
367940.0,0.0496934596904491
368140.0,-0.2792074993485822
368340.0,-0.0482308258551969
368540.0,0.0876734074631686
368740.0,0.0920202687145417
368940.0,-0.0508644864951857
369140.0,-0.0032384002245983
369340.0,0.0315371917455312
369540.0,-0.0594150440348781
369740.0,-0.0033134316903051
369940.0,0.0590602501042924
370140.0,-0.0030867593698583
370340.0,0.0004665186360339
370540.0,-0.0288777344642773
370740.0,-0.1339845571495533
370940.0,-0.0744002771871264
371140.0,-0.0902839586099527
371340.0,-0.1437182981735616
371540.0,-0.1515378996971593
371740.0,0.0143250825370523
371940.0,0.0299434642103777
372140.0,-0.004605986124266
372340.0,-0.0551259775258349
372540.0,0.1284649016481775
372740.0,0.129778134265939
372940.0,0.1094836074914544
373140.0,0.1876615341988038
373340.0,0.0532132808410279
373540.0,0.0232722946421737
373740.0,0.0581706939745552
373940.0,0.0736608691061133
374140.0,0.0576469911173391
374340.0,-0.1977239047727111
374540.0,-0.1306374155823271
374740.0,-0.015755821274669
374940.0,0.0793111262137102
375140.0,0.0616531119436182
375340.0,0.0054120987232037
375540.0,0.0430894653594745
375740.0,0.0090100535192166
375940.0,-0.1123117855603256
376140.0,0.0278148011760771
376340.0,-0.1570891513672354
376540.0,-0.0693912825664783
376740.0,-0.0061713302697105
376940.0,0.0214652531804715
377140.0,0.0202501624332378
377340.0,0.0192621738534373
377540.0,0.0318880838246972
377740.0,-0.0678045572133558
377940.0,-0.1198711434276269
378140.0,0.0550396644026901
378340.0,-0.0525490403904917
378540.0,0.0390579611070018
378740.0,0.1717480600619831
378940.0,0.1536797697446237
379140.0,0.004185297008877
379340.0,0.0535751763091187
379540.0,0.0435312422064161
379740.0,0.0210291107702306
379940.0,0.0165744732744327
380140.0,0.0365571108493288
380340.0,0.150310849902896
380540.0,0.037761793939949
380740.0,0.0988412836546915
380940.0,-0.0006305543774479
381140.0,-0.101884815302445
381340.0,-0.0555556471075223
381540.0,0.082438411541297
381740.0,-0.0679282137314157
381940.0,-0.0857220521231015
382140.0,-0.0661415624831078
382340.0,-0.0398632325521958
382540.0,-0.2478127644083476
382740.0,-0.1317208456278799
382940.0,-0.1427184263632075
383140.0,-0.1833963512372382
383340.0,-0.2436888259890656
383540.0,-0.1829009729969179
383740.0,-0.1486974521379731
383940.0,-0.2988364320373758
384140.0,-0.0014985428980637
384340.0,0.0681095046420993
384540.0,-0.0463978092907985
384740.0,0.1750598287323769
384940.0,0.025496802171821
385140.0,0.2326240612923766
385340.0,0.215317720937319
385540.0,0.2671467715483127
385740.0,0.2363717308855593
385940.0,0.3065319356024529
386140.0,0.2623273930926596
386340.0,0.146677568961746
386540.0,0.2524865283570271
386740.0,0.1066307604616297
386940.0,0.0582611636741272
387140.0,0.1851446432098502
387340.0,-0.1732619193960551
387540.0,-0.0994040763667838
387740.0,0.0654446654805844
387940.0,0.1229502885105214
388140.0,0.0865446196101771
388340.0,0.0614281811790887
388540.0,-0.0464727494038815
388740.0,-0.1246864462347493
388940.0,-0.0463419150247372
389140.0,-0.3084478157963301
389340.0,-0.2989405748412432
389540.0,-0.233318115792103
389740.0,-0.3135019249122203
389940.0,-0.3911377723234888
390140.0,-0.3126560019385206
390340.0,-0.2679975049927574
390540.0,-0.2182617742964292
390740.0,-0.125120142334726
390940.0,0.2709470263163895
391140.0,0.1400598460528421
391340.0,-0.0872518529459467
391540.0,-0.0920512430787955
391740.0,0.1070026688631618
391940.0,0.1363188344379084
392140.0,0.3260379878305517
392340.0,0.3729632461042376
392540.0,0.2038908943706226
392740.0,0.2189414214693147
392940.0,0.1844741900739676
393140.0,0.1201691094727001
393340.0,0.1698586632501669
393540.0,0.1023602955860872
393740.0,0.1085591478038844
393940.0,0.076546684476101
394140.0,0.0809262965061363
394340.0,-0.0203808147942479
394540.0,0.0610871598312202
394740.0,-0.0245554668993063
394940.0,-0.0831798134980788
395140.0,-0.1923357884502627
395340.0,-0.040139797369135
395540.0,-0.0258290526429452
395740.0,0.0474063755825699
395940.0,-0.0945195890281389
396140.0,0.0703011508411806
396340.0,-0.0502278641335496
396540.0,0.037793583383724
396740.0,-0.1780221431704143
396940.0,-0.073492268084362
397140.0,0.0132550982784038
397340.0,0.0853953855726046
397540.0,0.0275765380741657
397740.0,-0.0322398105009699
397940.0,-0.0712061342040614
398140.0,0.0235881675317
398340.0,-0.0519414045444454
398540.0,0.1161261346309615
398740.0,-0.1462822300582259
398940.0,-0.0112330705476749
399140.0,-0.0487861474127482
399340.0,-0.0229941195255609
399540.0,0.0660976682314493
399740.0,0.0024513204468278
399940.0,0.0460364527702774
400140.0,0.0288301834277894
400340.0,-0.0371829432110999
400540.0,-0.0620111005922755
400740.0,-0.0476553920979551
400940.0,-0.0408128353868792
401140.0,-0.0374713082385675
401340.0,-0.0366667251612661
401540.0,-0.0375646047609559
401740.0,-0.0391903479619776
401940.0,-0.0415109235368997
402140.0,-0.0162463300218706
402340.0,0.0071837717780892
402540.0,0.0057134045077414
402740.0,0.0131701002585174
402940.0,0.0485174398227848
403140.0,0.0682868085867598
403340.0,0.0649551419049517
403540.0,0.0642416477579473
403740.0,0.0656478433612354
403940.0,0.072727400421781
404140.0,0.024977695369747
404340.0,0.0045963078594323
404540.0,-0.0110867260289343
404740.0,0.0001207077296602
404940.0,0.0014889700973953
405140.0,-0.0523630576523797
405340.0,-0.0754679311819829
405540.0,-0.0267257870653042
405740.0,-0.0096339801090901
405940.0,-0.0312058961150411
406140.0,-0.0203492135487506
406340.0,0.0121342225175071
406540.0,0.0203052930308312
406740.0,0.020385049543809
406940.0,0.0107548753237864
407140.0,0.0100647707626803
407340.0,-0.0006042898703451
407540.0,-0.0026050114367726
407740.0,0.0300061803341088
407940.0,0.0465504642096257
408140.0,0.0332403958896373
408340.0,0.0199369367681474
408540.0,0.0066362223352805
408740.0,-0.0013950163515578
408940.0,-0.006592142610816
409140.0,-0.0161193701468662
409340.0,-0.02673437826143
409540.0,-0.0270853902723801
409740.0,-0.026359642918915
409940.0,-0.0207697408457431
410140.0,-0.0078779023287236
410340.0,-0.0130824255928017
410540.0,-0.0182663790319283
410740.0,-0.0234193279184857
410940.0,-0.0344753418557355
411140.0,-0.050340256162402
411340.0,-0.0415406188597992
411540.0,-0.0221159425004004
411740.0,-0.0025920938899618
411940.0,0.0170452668561383
412140.0,-0.0091363058988992
412340.0,-0.0270706318570408
412540.0,0.0010903273489074
412740.0,0.0164353700448548
412940.0,0.0016718810554025
413140.0,-0.0348206477791652
413340.0,-0.0979100391344968
413540.0,0.047261083417313
413740.0,-0.1020224056661073
413940.0,0.0082758565410249
414140.0,0.2051596898772884
414340.0,0.1734650913064213
414540.0,0.1164007529906103
414740.0,0.0593319630403755
414940.0,0.0137448348150631
415140.0,0.0141836566637876
415340.0,0.0144676601824774
415540.0,0.0145385461247796
415740.0,0.0143351506396409
415940.0,0.0137943361396466
416140.0,0.0128519648176645
416340.0,0.011443938328179
416540.0,0.0095072860429444
416740.0,0.0069812836290666
416940.0,0.0038085828047659
417140.0,-6.366763144659645e-05
417340.0,-0.0046827297969377
417540.0,-0.0100892346149394
417740.0,-0.0163162106705514
417940.0,-0.0233882050650383
418140.0,-0.0313205170341523
418340.0,-0.0401185643102754
418540.0,-0.0497774013683786
418740.0,-0.0602814071119004
418940.0,-0.0716041575404307
419140.0,-0.0837084966195793
419340.0,-0.0965468152585154
419540.0,-0.0855996442697953
419740.0,-0.0752620646813908
419940.0,-0.0654589288694713
420140.0,-0.0561078867897316
420340.0,-0.0471207014320322
420540.0,-0.0384047349575988
420740.0,-0.0298645825513792
420940.0,-0.0214038275797222
421140.0,-0.0129268886027055
421340.0,-0.0043409265449956
421540.0,0.0044422216474339
421740.0,0.0135041178700878
421940.0,0.0229178420000527
422140.0,0.0327461913772001
422340.0,0.0430399963746972
422540.0,0.0538365869813434
422740.0,0.0651584438257686
422940.0,0.0770120651001647
423140.0,0.0893870781129323
423340.0,0.1022556208801521
423540.0,0.1017738281194548
423740.0,0.0957628641295528
423940.0,0.0900551878769997
424140.0,0.0845528372584612
424340.0,0.0791418834552952
424540.0,0.0736936916609515
424740.0,0.0680664839490888
424940.0,0.0621071859822652
425140.0,0.0556535345364017
425340.0,0.0485364180301765
425540.0,0.0405824182359422
425740.0,0.0316165174044621
425940.0,0.0214649315892702
426140.0,0.0099580279232674
426340.0,-0.0030667189317369
426540.0,-0.0177617777429
426740.0,-0.034266667023861
426940.0,-0.0527051652652419
427140.0,-0.0731826735012444
427340.0,-0.0957837773356105
427540.0,-0.1074640634339337
427740.0,-0.097026486502052
427940.0,-0.0888209023923126
428140.0,-0.0828297415316956
428340.0,-0.0790068549307895
428540.0,-0.0772770632057011
428740.0,-0.0775361177032974
428940.0,-0.0796510818880203
429140.0,-0.0834611364188082
429340.0,-0.0887788062609028
429540.0,-0.0953916034269389
429740.0,-0.103064073913742
429940.0,-0.1115402321917288
430140.0,-0.1205463611428214
430340.0,-0.1297941491751709
430540.0,-0.138984130006925
430740.0,-0.1478093836524255
430940.0,-0.1559594495682127
431140.0,-0.1631243947951748
431340.0,-0.1689989714216438
431540.0,0.102193507067404
431740.0,0.4093817930297086
431940.0,0.4122782354706678
432140.0,0.2793430897223627
432340.0,0.2293698810409455
432540.0,0.223364073953664
432740.0,0.2275894865577691
432940.0,0.2760610977298081
433140.0,0.2293698215896723
433340.0,0.0403125429170679
433540.0,0.2196955820478602
433740.0,0.0636771524133516
433940.0,0.0124861742095111
434140.0,0.0229876930063513
434340.0,-0.0733666894405979
434540.0,-0.0036136881505847
434740.0,0.0244162991398142
434940.0,-0.2171290357642604
435140.0,-0.1022750604842601
435340.0,-0.1542943300718744
435540.0,-0.044165286199569
435740.0,-0.1451848044503788
435940.0,-0.0210423188412665
436140.0,-0.0577401695166242
436340.0,-0.1412832767353129
436540.0,0.0715541451127544
436740.0,-0.1225382614875028
436940.0,0.0646721587781699
437140.0,-0.0070368513977608
437340.0,0.0708389337417033
437540.0,-0.0213911174177779
437740.0,-0.0662263181092662
437940.0,0.0497446659975657
438140.0,-0.0295396032217683
438340.0,-0.0126892536374788
438540.0,0.0447787360893764
438740.0,-0.0118665371190554
438940.0,-0.1042617856423858
439140.0,0.0005891577286508
439340.0,-0.0543000121222574
439540.0,-0.0212828482785673
439740.0,-0.0573112692778762
439940.0,-0.1089360886236483
440140.0,-0.0996154093634284
440340.0,-0.0074077955242481
440540.0,0.0627190260157142
440740.0,-0.0822668146896856
440940.0,-0.0115394869273707
441140.0,0.1148140034977514
441340.0,0.1104078438601314
441540.0,0.1464021901775463
441740.0,0.0420146111026822
441940.0,0.103493090914353
442140.0,0.0317044497492091
442340.0,-0.3229951479326771
442540.0,-0.0466183930095931
442740.0,0.0274937879842094
442940.0,0.0214443293467416
443140.0,-0.0646705109543917
443340.0,-0.1508998992736624
443540.0,0.0489977826009395
443740.0,0.0974122668802208
443940.0,-0.0115964125486406
444140.0,0.0466243654758861
444340.0,0.072549901881036
444540.0,-0.0381377557987899
444740.0,0.0730651623321009
444940.0,0.0369608116888746
445140.0,0.0429573212990108
445340.0,0.0982996199790102
445540.0,0.0649927339775935
445740.0,0.1436483253232795
445940.0,0.0496390829248542
446140.0,0.0326439142614223
446340.0,0.0160152954798065
446540.0,-0.0520659319044492
446740.0,-0.1481445724579607
446940.0,-0.0456317521908982
447140.0,0.0335069299588591
447340.0,0.0184584348461178
447540.0,-0.0272314464178655
447740.0,-0.0532672308222493
447940.0,0.0054486162659266
448140.0,0.0789320861952041
448340.0,0.075657036489194
448540.0,0.0723252836159297
448740.0,0.0014135190698018
448940.0,-0.1540183531811761
449140.0,-0.1780190178702381
449340.0,-0.1375146365923565
449540.0,-0.252885615877084
449740.0,-0.2100179381497985
449940.0,-0.1588931643605845
450140.0,0.0408982810148546
450340.0,0.1230692779218711
450540.0,0.08853263565127
450740.0,-0.0058562500548255
450940.0,0.0197252256662687
451140.0,0.0495529822006403
451340.0,0.0959807905343327
451540.0,0.0249519836616867
451740.0,0.0206957985372882
451940.0,0.0458288815905642
452140.0,0.0267901780159747
452340.0,-0.0328779615583285
452540.0,-0.1331460357152976
452740.0,-0.0483494608251733
452940.0,0.0190792900018099
453140.0,-0.0140754661469568
453340.0,-0.0125418426307139
453540.0,0.0920951471138622
453740.0,0.1168050098984392
453940.0,0.1377190485007201
454140.0,0.1536528095107914
454340.0,0.1599526243068295
454540.0,0.1596500557685693
454740.0,0.1511550190993947
454940.0,0.1005644892437543
455140.0,0.0324329277524515
455340.0,0.0628505526316584
455540.0,-0.0426782798500123
455740.0,-0.0776566264048274
455940.0,-0.0665934127228567
456140.0,-0.0593480750424555
456340.0,-0.1217445126207985
456540.0,-0.2536390108606344
456740.0,-0.2393037136417108
456940.0,-0.1519102952126884
457140.0,-0.1586061651638387
457340.0,-0.1880524496924675
457540.0,-0.0817314400892718
457740.0,0.0334380424701574
457940.0,0.0836235421936484
458140.0,0.1585093867032983
458340.0,0.1819628698389897
458540.0,0.0978798245123158
458740.0,0.0393378208182643
458940.0,0.1266467541818579
459140.0,-0.0642364979445029
459340.0,-0.0924780632171014
459540.0,0.0581911159865144
459740.0,0.0746283149501719
459940.0,-0.0160295102275937
460140.0,-0.1383665972470133
460340.0,-0.0119200520171495
460540.0,0.0226192121281307
460740.0,-0.0343329625203979
460940.0,-0.1306396036647581
461140.0,-0.0867513431403279
461340.0,-0.0213997942841892
461540.0,0.0031705875396155
461740.0,-0.0006755192385356
461940.0,-0.0036577044511787
462140.0,-0.0821962797615441
462340.0,-0.0361056112201046
462540.0,0.052174149835726
462740.0,0.061422342996865
462940.0,0.045226772406573
463140.0,0.0235728132316595
463340.0,-0.0082134792508846
463540.0,-0.0144400326763856
463740.0,0.0588485683714142
463940.0,0.1373840032432168
464140.0,0.2178796702144968
464340.0,0.1649851016485285
464540.0,0.1013483254721502
464740.0,-0.0629112594956659
464940.0,-0.0051502708784621
465140.0,0.0918515032330411
465340.0,0.1542005720440723
465540.0,0.1617532456641039
465740.0,0.1110845694086021
465940.0,0.0038306773189898
466140.0,-0.0442804911237875
466340.0,-0.0073538808294472
466540.0,-0.0059240676481587
466740.0,-0.0270338301682865
466940.0,-0.0546367027845725
467140.0,-0.1180563532351178
467340.0,-0.0377538454733892
467540.0,0.0831356267376794
467740.0,0.0126503385384982
467940.0,-0.0969199185287823
468140.0,-0.102879221369958
468340.0,-0.2052020612291925
468540.0,-0.338598172113792
468740.0,-0.4831608154376985
468940.0,-0.3597726338049121
469140.0,-0.3210990435999417
469340.0,-0.3015564704232074
469540.0,-0.0154929085655333
469740.0,0.1099347740343792
469940.0,0.0113565077649966
470140.0,-0.0068701241284167
470340.0,-0.0031610823582536
470540.0,0.1992996915780905
470740.0,0.3561692215564805
470940.0,0.254008596428853
471140.0,0.2539828146381274
471340.0,0.2724915680027167
471540.0,0.2642815513927755
471740.0,0.1928819688738576
471940.0,0.1151656750329577
472140.0,0.0250284190744737
472340.0,-0.0641682641845225
472540.0,-0.0537751500054207
472740.0,-0.0095684581595695
472940.0,0.0584619772369465
473140.0,0.2190398246484718
473340.0,0.13115715577421
473540.0,0.01626314124187
473740.0,0.0700231662043435
473940.0,0.0649530058830729
474140.0,0.0235283193469327
474340.0,-0.0179817171556091
474540.0,-0.0620079706732472
474740.0,-0.0938038195357131
474940.0,-0.0765857251929996
475140.0,-0.0243360053405252
475340.0,-0.0156464417253527
475540.0,-0.1244851217443233
475740.0,-0.1551942486247148
475940.0,-0.124795882724262
476140.0,-0.0710671887298469
476340.0,-0.1279236800442658
476540.0,-0.1156489427900478
476740.0,-0.1547400838472317
476940.0,-0.2373176280710774
477140.0,-0.1958434542100144
477340.0,-0.1503006078784081
477540.0,-0.090399075960655
477740.0,-0.0314741584279472
477940.0,0.0652222001058699
478140.0,0.1819127443049984
478340.0,0.2936051320092087
478540.0,0.2682320378630974
478740.0,0.1011637009017444
478940.0,0.0687960628351924
479140.0,0.034848262343432
479340.0,-0.0043722022974971
479540.0,0.0013624170459874
479740.0,-0.036467931220587
479940.0,-0.0988760135196871
480140.0,-0.1609685822397632
480340.0,-0.1141548826768103
480540.0,0.0959169562314507
480740.0,0.2064519287647131
480940.0,0.197555696603551
481140.0,0.109529186726294
481340.0,-0.0617678804352663
481540.0,-0.2247152984512861
481740.0,0.0785131428034908
481940.0,0.0701029555164206
482140.0,-0.0816322843022402
482340.0,-0.1974821004105995
482540.0,-0.0004932869548713
482740.0,0.0131990612342255
482940.0,-0.0092318904456628
483140.0,-0.0216368355074847
483340.0,0.0214334967176663
483540.0,0.0672789634014247
483740.0,0.033592618914991
483940.0,0.0360924875856046
484140.0,0.0920238812765843
484340.0,-0.0921478969590354
484540.0,-0.0456088482453767
484740.0,0.0592402208160754
484940.0,0.0495466354871078
485140.0,0.0452467428161863
485340.0,-0.0104903035931587
485540.0,0.1002918938116699
485740.0,0.0764367945731122
485940.0,0.1342636689833268
486140.0,-0.1851600918456834
486340.0,-0.0108894564436189
486540.0,0.0787329440826592
486740.0,0.1250767848785884
486940.0,0.0934908192155128
487140.0,0.0363852805610086
487340.0,-0.0529246401165491
487540.0,-0.1006000203055993
487740.0,-0.1633798904703861
487940.0,-0.2266386549504708
488140.0,-0.0969491362579827
488340.0,-0.0469656732317649
488540.0,-0.0027615961188269
488740.0,-0.0238774920301982
488940.0,-0.0574111487123927
489140.0,0.1186432593476667
489340.0,0.1787225015282565
489540.0,-0.0543716796777503
489740.0,-0.0512309742582063
489940.0,0.1389394309886418
490140.0,-0.0565147145907489
490340.0,-0.023312627569747
490540.0,0.1343762667603339
490740.0,-0.1178266392027311
490940.0,-0.0399495256301446
491140.0,-0.0811326068123937
491340.0,0.0343268982258755
491540.0,-0.2143450185586897
491740.0,-0.037147591861401
491940.0,-0.1038559913473155
492140.0,0.0409224138139875
492340.0,-0.1429126512761455
492540.0,0.0078354499612873
492740.0,0.142845683847878
492940.0,-0.0218319181764325
493140.0,0.0382004340102456
493340.0,0.0849178011933431
493540.0,0.1361131078116643
493740.0,0.0960554282566581
493940.0,-0.0117636870816148
494140.0,0.0178964731679664
494340.0,-0.0618210161680013
494540.0,0.023865047149796
494740.0,0.0900549537646018
494940.0,0.0282118214119748
495140.0,-0.0488934282156281
495340.0,0.0066641429499171
495540.0,0.0856010414825425
495740.0,0.0677443356963778
495940.0,0.0670870262882938
496140.0,-0.0756839513231816
496340.0,0.1055857878209941
496540.0,-0.0292577814860638
496740.0,-0.1042221241479201
496940.0,0.1026861402612552
497140.0,0.0157990742558313
497340.0,0.0514769332502354
497540.0,0.0142079515858906
497740.0,0.0930927551432991
497940.0,-0.128978916906827
498140.0,-0.1772280169106335
498340.0,0.0052324194637286
498540.0,-0.0012242046725079
498740.0,0.0281377846176199
498940.0,0.0838436059015671
499140.0,0.1078049737465564
499340.0,-0.0085656935001302
499540.0,-0.0327409052666724
499740.0,0.1142663791443561
499940.0,-0.0045143297809051
500140.0,-0.1875946678852286
500340.0,-0.2004727387555675
500540.0,-0.1200284742064424
500740.0,-0.0469288756066538
500940.0,0.024726091336448
501140.0,0.0122711271674853
501340.0,-0.0327347872655593
501540.0,0.0164100544664528
501740.0,-0.0185945410005968
501940.0,0.0589874453983803
502140.0,0.091782273865466
502340.0,0.059800668212853
502540.0,0.0519258593271607
502740.0,0.0727800166266041
502940.0,0.0627301783009135
503140.0,0.0153613913753248
503340.0,-0.0326333148406138
503540.0,0.0465525769863327
503740.0,0.0159699726656966
503940.0,0.0493772934384377
504140.0,0.020224996776724
504340.0,0.0266116258085142
504540.0,-0.0362239500762839
504740.0,-0.1066410667848212
504940.0,-0.1656973518134573
505140.0,-0.1557488405787261
505340.0,0.01624986583621
505540.0,-0.0083789277154741
505740.0,-0.115930850659329
505940.0,0.0177180964432588
506140.0,0.235615410934094
506340.0,0.1670236239510372
506540.0,0.1018607143634462
506740.0,0.1341519958273834
506940.0,0.0141119891430106
507140.0,-0.0896121198494378
507340.0,0.0344568620644535
507540.0,0.0253388864495117
507740.0,-0.0134598089074596
507940.0,-0.0684339491678583
508140.0,-0.0855664952512448
508340.0,-0.0455851876063356
508540.0,-0.2328499132732331
508740.0,-0.1171888552179011
508940.0,-0.1377654807808893
509140.0,-0.1604122652925213
509340.0,0.0477021933215218
509540.0,0.2004214069743125
509740.0,0.2465902466228191
509940.0,0.0103826784293618
510140.0,0.1182757114286041
510340.0,0.1498695800670602
510540.0,0.0291695617948202
510740.0,-0.1279782518137557
510940.0,0.169702773601282
511140.0,0.0818019596637799
511340.0,0.1045676659501813
511540.0,0.0559460495390643
511740.0,-0.0538800799735302
511940.0,0.112304088262823
512140.0,-0.0686105011542261
512340.00000000006,-0.0989664376230009
512539.99999999994,0.0227992329524068
512740.0,0.0135146074107236
512940.00000000006,-0.1853931242429747
513140.0,-0.0847304171317493
513340.00000000006,-0.113703479066004
513539.99999999994,0.0484822395377588
513740.0,-0.0106441681082486
513940.00000000006,0.0480813284853118
514140.0,0.0816246998497317
514340.00000000006,-0.0685791958571805
514539.99999999994,-0.1619597195034005
514740.0,-0.0768769470011124
514940.00000000006,0.0969015187586744
515140.0,0.143585215469342
515340.00000000006,0.0589249249076545
515539.99999999994,-0.1136335178186119
515740.0,0.0797430224503771
515940.00000000006,0.0185313147165899
516140.0,-0.0284303770570221
516340.00000000006,-0.0638398244839403
516539.99999999994,-0.0277001645576827
516740.0,0.0861415363900383
516940.00000000006,0.0485198200990693
517140.0,-0.0353697780264772
517340.00000000006,0.0431317369106081
517539.99999999994,0.0268518507721222
517740.0,0.0110411958919527
517940.00000000006,-0.1393746985418102
518140.0,0.0863417678735755
518340.00000000006,-0.0153074513098558
518539.99999999994,-0.0803337490000142
518740.0,-0.15991857476972
518940.00000000006,-0.1731487761758189
519140.0,-0.0153930238643866
519340.00000000006,0.0308379455312438
519539.99999999994,-0.0175022946246285
519740.0,-0.0080219949794914
519940.00000000006,0.0719886057826004
520140.0,0.0851037887646495
520340.00000000006,0.0838097403287244
520539.99999999994,0.0081109520596413
520740.0,0.036753409107862
520940.00000000006,0.0786277794271915
521140.0,0.0291929165264306
521340.00000000006,-0.021589091270747
521539.99999999994,0.0269075772150027
521740.0,0.0378415527145829
521940.00000000006,-0.0289863574441182
522140.0,0.0078534629229889
522340.00000000006,-0.0763873825278918
522539.99999999994,0.0003710300451244
522740.0,0.0331000161724214
522940.00000000006,0.0374966639558477
523140.0,-0.0086324752372045
523340.00000000006,0.0029253100014057
523539.99999999994,0.0036605340497506
523740.0,0.0324244007274384
523940.00000000006,0.0320825772098726
524140.0,0.0694146137076201
524340.0,-0.0590790542563039
524540.0,-0.0004962673909363
524740.0,0.0151186867134881
524940.0,-0.0026601487693825
525140.0,0.020449999217985
525340.0,-0.0264048962147628
525540.0,-0.0045355944259023
525740.0,-0.0219654736150722
525940.0,-0.0347121269637201
526140.0,-0.0041203212125032
526340.0,-0.0341950460335908
526540.0,0.0150653361522561
526740.0,-0.0513308365839791
526940.0,-0.1383685721281382
527140.0,-0.0010263986029266
527340.0,-0.0702766730986311
527540.0,-0.1720860295442826
527740.0,0.0215840325512242
527940.0,0.0234430866943477
528140.0,-0.1137957469491215
528340.0,0.1904879828012967
528540.0,-0.3115361629547569
528740.0,-0.1902697201898927
528940.0,0.0132658394711471
529140.0,-0.0133816715175562
529340.0,0.0771654869796233
529540.0,0.1369470910625605
529740.0,0.071330472868742
529940.0,0.0863428255799029
530140.0,0.0733369947836804
530340.0,0.1629907848149161
530540.0,0.1604731365267515
530740.0,0.0769438613500049
530940.0,0.0978869428788534
531140.0,-0.0138475915426694
531340.0,0.1195817648939151
531540.0,0.0089253186821784
531740.0,0.0560096963471584
531940.0,-0.0336361214405009
532140.0,0.0683453919934455
532340.0,0.0193916341971708
532540.0,0.0971879720954282
532740.0,0.0225859188763439
532940.0,-0.0665619746719597
533140.0,0.0003494526694637
533340.0,-0.2549871430987264
533540.0,-0.076540119337605
533740.0,-0.0971041156955275
533940.0,-0.0748525433406944
534140.0,0.0026823614479611
534340.0,0.1609895393147963
534540.0,-0.0015491234409634
534740.0,-0.0053570933113515
534940.0,-0.0157917769720099
535140.0,-0.1478620116910107
535340.0,-0.2091769469726742
535540.0,-0.1089300958605679
535740.0,-0.0945529770745883
535940.0,-0.1635491048713501
536140.0,-0.2315782143644223
536340.0,-0.0622907092613519
536540.0,0.0140876885997001
536740.0,0.0461711187161948
536940.0,0.0765786321614231
537140.0,-0.0254008402957492
537340.0,0.0384814439303146
537540.0,0.1794739785365708
537740.0,0.1425733287279368
537940.0,0.1512402802449197
538140.0,0.0864911095419766
538340.0,0.0432497541492151
538540.0,0.0515670832687452
538740.0,0.1785607729583987
538940.0,0.0854790157963344
539140.0,0.0868934417120604
539340.0,-0.0784680026470475
539540.0,-0.1158880141002585
539740.0,-0.0593267522131207
539940.0,-0.1854218727630119
540140.0,-0.0268217940193468
540340.0,-0.0016438753136962
540540.0,0.1038174866535646
540740.0,0.1131745127532915
540940.0,0.0532797864869167
541140.0,0.0311850932093671
541340.0,-0.0218996473977423
541540.0,0.0862276376533407
541740.0,0.0965119362333654
541940.0,-0.0051080232990658
542140.0,-0.1210322285187385
542340.0,-0.2916651379969535
542540.0,0.002168577791856
542740.0,0.0496416234038853
542940.0,0.050758314632372
543140.0,0.056063794120116
543340.0,0.0281865594088554
543540.0,-0.0103273653686372
543740.0,-0.0104302864999922
543940.0,0.0398029317842607
544140.0,0.0263005925362954
544340.0,0.0849948337455311
544540.0,-0.074177772004188
544740.0,0.0167243020688096
544940.0,-0.04435203839999
545140.0,-0.2254541954640369
545340.0,-0.3159570246962178
545540.0,-0.1458961194683458
545740.0,-0.0453012393176738
545940.0,0.1038867900025376
546140.0,0.0400657236750867
546340.0,0.1061381215672855
546540.0,0.0659691813327873
546740.0,-0.1009887893087535
546940.0,-0.0355302370096849
547140.0,0.0446875308532428
547340.0,0.1311505851486562
547540.0,0.2116048811734834
547740.0,0.1262494496684851
547940.0,0.0547038701732358
548140.0,0.005100842331236
548340.0,0.1434073489003639
548540.0,0.1846746708825412
548740.0,-0.2692115214166012
548940.0,-0.3615726852687759
549140.0,-0.1180622204205253
549340.0,0.165334723692032
549540.0,0.1906347625292238
549740.0,0.1765231109631394
549940.0,0.1568954099601812
550140.0,-0.0198504554660612
550340.0,-0.2026663763937424
550540.0,-0.1439157609251437
550740.0,0.0821643068084793
550940.0,-0.3051401292029407
551140.0,-0.2175638798662129
551340.0,-0.1842223933419994
551540.0,0.0801696458759852
551740.0,0.0446832712606505
551940.0,0.0593573071178308
552140.0,-0.1708239526840867
552340.0,-0.0942542110849627
552540.0,-0.1536738447760269
552740.0,0.1878546706529945
552940.0,0.0947320886130214
553140.0,0.222603722419184
553340.0,0.0526085893520196
553540.0,0.11108699059402
553740.0,0.0457048839665654
553940.0,-0.1196716022588311
554140.0,-0.1403515070501522
554340.0,0.032930776378464
554540.0,0.244515465091556
554740.0,0.0446091744113205
554940.0,0.047576873224124
555140.0,0.0648590154005305
555340.0,0.1448055156905187
555540.0,0.1209265657778536
555740.0,-0.0027313847192018
555940.0,-0.2162094955787685
556140.0,-0.0803019387259327
556340.0,-0.007906679451667
556540.0,0.1033617261387072
556740.0,0.1616104714674131
556940.0,0.0513582337276393
557140.0,0.2371926869034504
557340.0,0.0890409366647607
557540.0,0.020171130920245
557740.0,-0.0428059701354931
557940.0,-0.0474355055854661
558140.0,-0.1765838202546601
558340.0,-0.205695345420645
558540.0,-0.1291679822487197
558740.0,-0.033766384982034
558940.0,-0.0152075852999487
559140.0,-0.1507845711143028
559340.0,-0.1911084795779132
559540.0,-0.3347758667606844
559740.0,-0.2117029966140843
559940.0,-0.189793815343879
560140.0,-0.2149415977471553
560340.0,-0.2482809023423927
560540.0,0.045393543290617
560740.0,0.1138744181657587
560940.0,-0.0157107517028238
561140.0,0.2156811249317315
561340.0,0.1944227805160448
561540.0,0.117630764253795
561740.0,0.3297464542251097
561940.0,0.3153673009720406
562140.0,0.1934116860832586
562340.0,-0.1502159003904544
562540.0,0.059290656909345
562740.0,0.1007578573401664
562940.0,0.0476842895650994
563140.0,0.0797694794497709
563340.0,0.0841350887210136
563540.0,0.0647565664391039
563740.0,-0.0304056355611016
563940.0,0.0518449815412916
564140.0,-0.0629744252259794
564340.0,-0.0138578953209775
564540.0,0.1125243145975736
564740.0,0.0287441775258322
564940.0,0.0500344458302071
565140.0,0.0219717641801945
565340.0,-0.0105938068801229
565540.0,0.0106081179967281
565740.0,0.0288752548047828
565940.0,-0.1116430442196236
566140.0,-0.1456252432406691
566340.0,-0.3524094283907801
566540.0,-0.3360753354211774
566740.0,-0.0871933016777952
566940.0,0.0646765024299616
567140.0,0.0379845594983456
567340.0,0.0406922227139299
567540.0,-0.0959783135883192
567740.0,-0.0177942696570178
567940.0,-0.0213460778451024
568140.0,-0.0053161547213272
568340.0,-0.0045195864618305
568540.0,-0.0193745756086494
568740.0,0.0427589654197095
568940.0,0.1104705215922455
569140.0,-0.006391789612169
569340.0,-0.0344865869225787
569540.0,-0.010862655710564
569740.0,-0.0372792638944387
569940.0,0.0364463318062327
570140.0,-0.1107600687427529
570340.0,-0.1687039066502067
570540.0,-0.0468635139207804
570740.0,-0.0089440214981361
570940.0,0.0190238226392653
571140.0,0.0419944938402711
571340.0,0.1001484472588927
571540.0,0.1289418031004389
571740.0,0.037753743069456
571940.0,0.1310757268108262
572140.0,0.1276606851278744
572340.0,0.1695555994563107
572540.0,0.2102957093225314
572740.0,0.0310305177047734
572940.0,0.0929436206237088
573140.0,0.0897870016422903
573340.0,0.0765678126244565
573540.0,0.0929730166332112
573740.0,0.2283035994415779
573940.0,0.1090052674997755
574140.0,0.1514332702550773
574340.0,0.1008078194062959
574540.0,0.0650267135829178
574740.0,0.0493351022172351
574940.0,0.0428999327075452
575140.0,-0.2760443340999591
575340.0,-0.2657288266408817
575540.0,-0.3669789397127388
575740.0,-0.0690220050332721
575940.0,-0.2500573627011818
576140.0,-0.1317436539780129
576340.0,-0.3127581403061299
576540.0,-0.4646780789311732
576740.0,-0.6078151262995916
576940.0,-0.55683610836765
577140.0,-0.0726701440998077
577340.0,0.1806312531215144
577540.0,0.0799046320678399
577740.0,-0.0211711103752327
577940.0,-0.1000789432333417
578140.0,-0.0166732860525548
578340.0,0.0756820391664602
578540.0,0.1687893417621444
578740.0,0.2629125003237642
578940.0,0.3583021670710921
579140.0,0.3409943422470827
579340.0,0.3052469698865233
579540.0,0.2714018484905494
579740.0,0.2396221654445489
579940.0,0.0920889445375177
580140.0,0.2466593262893404
580340.0,0.1649997689925964
580540.0,0.0718653382135905
580740.0,-0.0188260427159356
580940.0,-0.1070879872779063
581140.0,-0.1080655775048214
581340.0,-0.0610092970756933
581540.0,0.0206209984766805
581740.0,0.0441112754034908
581940.0,0.0178027276217393
582140.0,-0.0066726788467864
582340.0,-0.0294779286633608
582540.0,-0.0236817945730231
582740.0,0.0056064321425781
582940.0,0.0360245266401011
583140.0,0.067385667015542
583340.0,0.0995048183021846
583540.0,0.1322017102541459
583740.0,-0.0662618932185599
583940.0,-0.2940805725293878
584140.0,-0.2120623630653788
584340.0,-0.1710616492146575
584540.0,-0.1916844967982515
584740.0,-0.1997312482009421
584940.0,-0.1842804524794007
585140.0,-0.1692330253489113
585340.0,-0.1546310051383261
585540.0,-0.1310119617165724
585740.0,-0.0857330940479638
585940.0,-0.0394187794977382
586140.0,0.0109485918548008
586340.0,0.0454133355391252
586540.0,0.0329957763675912
586740.0,0.0203182075473192
586940.0,0.0074563413157823
587140.0,0.0122987913561665
587340.0,0.1180297925011053
587540.0,0.2238306697639018
587740.0,0.2986237764332375
587940.0,0.107839755254358
588140.0,0.0493013248687781
588340.0,-0.0088455546949927
588540.0,-0.0665357718491301
588740.0,-0.1237131293192219
588940.0,-0.0255587068142533
589140.0,0.0731903569359865
589340.0,0.1725582560187464
589540.0,0.2725575041166292
589740.0,0.1705450387713684
589940.0,0.0584882381194569
590140.0,0.0162864343669902
590340.0,-0.0176542613321264
590540.0,0.0421111549298651
590740.0,0.1127016894762727
590940.0,-0.0775153835077589
591140.0,-0.313484305853241
591340.0,-0.1261547056760293
591540.0,0.1671294312189701
591740.0,0.0841525073833032
591940.0,-0.0925227978717173
592140.0,-0.1083272940494149
592340.0,-0.0706551413786209
592540.0,-0.1062554091119731
592740.0,-0.1734477893225357
592940.0,-0.1440120739434104
593140.0,-0.0734314267859297
593340.0,0.0147178650750177
593540.0,-0.0571844661866619
593740.0,0.0480756268090468
593940.0,0.0878637314044153
594140.0,0.0018921729470965
594340.0,0.0151468654364125
594540.0,0.1484604677457864
594740.0,0.0413166462154725
594940.0,0.0178163521181674
595140.0,-0.066986558726063
595340.0,-0.022152136896002
595540.0,0.076383737576896
595740.0,0.0745474426820992
595940.0,0.0767942868034198
596140.0,-0.0156533733740623
596340.0,0.0460272400668762
596540.0,0.1013546168051548
596740.0,0.0264239683726297
596940.0,0.0455739483449998
597140.0,0.0693390704176436
597340.0,-0.0322407636128329
597540.0,-0.108453645457158
597740.0,0.0092508839292036
597940.0,0.0039282799444722
598140.0,-0.3167423008926069
598340.0,-0.51055372308294
598540.0,-0.5030810393492288
598740.0,-0.0672061157656965
598940.0,-0.1098567103266468
599140.0,0.0260400268229729
599340.0,0.1791754011085445
599540.0,0.3317627197644663
599740.0,0.4057266024813244
599940.0,0.0421781194143905
600140.0,0.1188424749825653
600340.0,0.1957726041770366
600540.0,0.1493486975961885
600740.0,0.24894461438584
600940.0,0.1002611818781718
601140.0,0.0786597030438236
601340.0,-0.0244091139189266
601540.0,-0.0165475059401778
601740.0,-0.0534576619589594
601940.0,-0.3837029571589236
602140.0,-0.3331834631158016
602340.0,-0.2167803260980588
602540.0,-0.2609872340428829
602740.0,-0.3715030203803852
602940.0,0.2311236826439392
603140.0,0.2415553293230135
603340.0,0.1264535576826206
603540.0,-0.0001872826433812
603740.0,0.0916267384677819
603940.0,0.1215105755396062
604140.0,0.1371853327475983
604340.0,0.0730695064438848
604540.0,0.2426430197487125
604740.0,0.2326446565530539
604940.0,0.1004059184306836
605140.0,0.0432606825813946
605340.0,-0.2081208827560993
605540.0,-0.0263984286481738
605740.0,-0.2904180860002605
605940.0,-0.2535930583850822
606140.0,-0.2218081904263227
606340.0,-0.1928485458463308
606540.0,-0.0346853475738258
606740.0,0.0764716274513707
606940.0,-0.023947818855613
607140.0,0.0787006107966409
607340.0,-0.1317772406387695
607540.0,0.065420375107547
607740.0,-0.1484296217561722
607940.0,-0.1768145808669681
608140.0,0.1582981758320971
608340.0,0.0726503702112323
608540.0,-0.0302134635797551
608740.0,-0.085137894905998
608940.0,0.0854991743761371
609140.0,-0.0231375840321934
609340.0,-0.0279184119524584
609540.0,0.0713080467395886
609740.0,0.1539898548588236
609940.0,0.1200666714337093
610140.0,0.2081304326631549
610340.0,0.1419968457191349
610540.0,0.1978486371128834
610740.0,0.1346172349478156
610940.0,0.1682695534069821
611140.0,0.1446665362667824
611340.0,0.0326601062923391
611540.0,0.1104284917208796
611740.0,0.182811796040401
611940.0,0.0613144307448493
612140.0,-0.1642256413097751
612340.0,-0.0353009106657552
612540.0,-0.1538427517571945
612740.0,-0.2493299044400083
612940.0,-0.0218970732610974
613140.0,0.0261118497513541
613340.0,-0.0887430029393131
613540.0,-0.123884538409854
613740.0,-0.1000505278327137
613940.0,-0.0992924519415742
614140.0,-0.2507826445444636
614340.0,-0.3269382362063432
614540.0000000001,-0.4048675685173384
614740.0,-0.2919978477703105
614940.0,-0.065341661952541
615140.0,0.0283547243231275
615340.0,-0.0582540088142266
615540.0000000001,0.2738816341199205
615740.0,0.0599179087784198
615940.0,0.0054010263815041
616140.0,0.0371216676356206
616340.0,0.1033914516797179
616540.0000000001,0.1811207263100502
616740.0,0.0769883730795542
616940.0,0.1456002299030568
617140.0,0.0937396241963683
617340.0,0.1170702059772028
617540.0000000001,0.1050229093373963
617740.0,-0.0176501790574066
617940.0,-0.0613108580318675
618140.0,0.013658864985977
618340.0,0.0718856711792078
618540.0000000001,0.0990530601736244
618740.0,0.1122424283945599
618940.0,0.0994451473359108
619140.0,0.0323858841690039
619340.0,-0.1354769893394222
619540.0000000001,-0.1826153767832652
619740.0,-0.0055281372409498
619940.0,0.1172173197677982
620140.0,0.0564253408125277
620340.0,-0.0058423541425245
620540.0000000001,0.1657959592244375
620740.0,0.165214572578558
620940.0,0.1373311208166011
621140.0,0.0467428727680785
621340.0,-0.0516734377665571
621540.0000000001,-0.1714665656004992
621740.0,-0.1938949226162269
621940.0,0.0784173132676508
622140.0,0.2253545487487672
622340.0,-0.0006878838625352
622540.0000000001,-0.1529417115968769
622740.0,-0.0802635701743479
622940.0,-0.0180293368555384
623140.0,0.0082579454749591
623340.0,0.0255306704646783
623540.0000000001,0.0127922115332769
623740.0,0.007069286250426
623940.0,0.0354128264554857
624140.0,0.0352156231611662
624340.0,-0.0734703516192988
624540.0000000001,-0.1742755080994991
624740.0,-0.2226594558370536
624940.0,-0.2633509070237109
625140.0,-0.2541538596639168
625340.0,-0.2631017810641126
625540.0000000001,-0.370459791049479
625740.0,-0.4092455606374208
625940.0,-0.057281089280858
626140.0,0.2393222506797742
626340.0,0.036940595852029
626540.0000000001,-0.1257552175080101
626740.0,0.0635135502231314
626940.0,0.2375199211622744
627140.0,0.2645274266357947
627340.0,0.2862743178378544
627540.0000000001,0.2468970634838796
627740.0,0.2102261330508238
627940.0,0.1855638771314551
628140.0,0.1634628367843299
628340.0,0.1440654813531224
628540.0000000001,0.1269870924358074
628740.0,0.1033149636325249
628940.0,0.0806507339939072
629140.0,0.023793395867087
629340.0,-0.0300650998599842
629540.0000000001,-0.0118024071612621
629740.0,0.0093853955152837
629940.0,-0.0315757014086282
630140.0,-0.0697822625270362
630340.0,0.0046485194366971
630540.0000000001,0.081580921157399
630740.0,0.0076921880939303
630940.0,-0.0640129405303929
631140.0,-0.0831998379403175
631340.0,-0.0979088866529783
631540.0000000001,-0.0872420931701274
631740.0,-0.0738973087649455
631940.0,-0.0403244758876748
632140.0,-0.0047234363746907
632340.0,-0.0430174665820575
632540.0000000001,-0.084607431723751
632740.0,-0.050455351585137
632940.0,-0.007668119581272
633140.0,0.0307173980458971
633340.0,0.0685405623106834
633540.0000000001,0.0386522651394237
633740.0,0.0009159216170029
633940.0,0.0077082955019985
634140.0,0.0189201531443979
634340.0,-0.0895432612504653
634540.0000000001,-0.219761936788822
634740.0,-0.1765510019255983
634940.0,-0.1034608327696867
635140.0,-0.0822773650312353
635340.0,-0.0710226007136574
635540.0000000001,0.0013861731291021
635740.0,0.0838184800841187
635940.0,0.06289312073531
636140.0,0.0154649472628891
636340.0,0.0591786642278853
636540.0000000001,0.1250774919837794
636740.0,0.1069923306998479
636940.0,0.0673943772752353
637140.0,0.0976685336906263
637340.0,0.1508685977052884
637540.0000000001,0.1098079034407376
637740.0,0.037058586084292
637940.0,0.0126948336864986
638140.0,0.0042923106418327
638340.0,-0.0737430931459224
638540.0000000001,-0.1750537928350372
638740.0,-0.1486297544245072
638940.0,-0.0674187197654586
639140.0,-0.0316132795080508
639340.0,-0.015139190711248
639540.0000000001,-0.0124242055915683
639740.0,-0.0153986243077842
639940.0,0.009321217911544
