age,d18O
0.0,0.47
120.0,0.26
150.0,0.44
180.0,0.44
260.0,0.48
470.0,0.59
680.0,0.59
880.0,0.4
1090.0,0.57
1290.0,0.51
1500.0,0.44
1700.0,0.55
1910.0,0.59
2110.0,0.51
2320.0,0.46
2510.0,0.51
2700.0,0.54
2890.0,0.42
3080.0,0.53
3270.0,0.53
3460.0,0.66
3650.0,0.63
3840.0,0.57
4019.9999999999995,0.77
4210.0,0.49
4400.0,0.62
4590.0,0.57
4780.0,0.58
4970.0,0.48
5160.0,0.55
5340.0,0.64
5530.0,0.51
5720.0,0.61
5910.0,0.32
6100.0,0.55
6290.0,0.58
6480.0,0.5
6670.0,0.6
6850.0,0.55
7040.0,0.62
7190.0,0.41
7270.0,0.62
7340.0,0.43
7410.0,0.63
7490.0,0.51
7560.0,0.59
7630.0,0.5
7700.0,0.55
7780.0,0.51
7850.0,0.56
7920.0,0.43
8000.0,0.65
8070.0,0.62
8290.0,0.64
8500.0,0.47
8720.0,0.36
8940.0,0.56
9160.0,0.52
9370.0,0.5
9590.0,0.52
9810.0,0.58
10030.0,0.54
10240.0,0.62
10460.0,0.61
10680.0,0.66
10900.0,0.74
11110.0,0.6
11330.0,0.63
11490.0,0.35
11550.0,0.65
11550.0,0.51
11610.0,0.63
11680.0,1.07
11680.0,1.15
11800.0,1.56
11800.0,1.32
12140.0,1.29
12470.0,1.43
12690.0,1.08
12860.0,1.14
13040.0,1.15
13210.0,1.1
13460.0,1.13
13740.0,1.22
14020.0,1.35
14300.0,1.43
14570.0,1.63
14640.0,2.02
14710.0,2.15
14840.0,2.19
14960.0,2.31
15210.0,2.38
15340.0,2.41
15460.0,2.35
15590.0,2.38
15720.0,2.38
15840.0,2.28
15970.0,2.25
16100.000000000002,2.22
16350.000000000002,2.2
16650.0,2.49
16950.0,2.5
17250.0,2.65
17560.0,2.74
17860.0,2.79
18160.0,2.9
18320.0,2.85
18760.0,2.74
18890.0,2.58
19030.0,2.57
19160.0,2.59
19290.0,2.38
19430.0,2.69
19560.0,2.39
19690.0,2.27
19830.0,2.22
19960.0,2.26
20090.0,2.41
20230.0,2.11
20360.0,2.17
20490.0,2.02
20630.0,1.95
20760.0,2.18
20890.0,2.29
21030.0,2.13
21160.0,1.95
21290.0,1.97
21430.0,1.94
21560.0,2.01
21690.0,2.02
21830.0,1.99
21960.0,2.07
22090.0,2.07
22230.0,2.19
22370.0,2.17
22530.0,2.29
22680.0,2.23
22840.0,2.17
22990.0,2.17
23140.0,2.19
23300.0,1.87
23450.0,1.98
23610.0,2.0
23760.0,1.9
23910.0,1.92
24100.0,2.16
24280.0,2.3
24470.0,2.58
24660.0,2.38
24750.0,2.02
24840.0,2.08
24940.0,2.14
25030.0,2.22
25120.0,2.16
25210.0,2.33
25310.0,2.26
25400.0,2.47
25500.0,2.6
25590.0,2.83
25680.0,2.53
25770.0,2.38
25870.0,2.69
25960.0,2.61
26050.0,2.47
26150.0,2.55
26240.0,2.44
26330.0,2.26
26430.0,2.12
26520.0,2.14
26610.0,2.01
26710.0,2.2
26800.0,2.15
26900.0,2.17
27000.0,2.14
27090.0,2.45
27190.0,2.03
27290.0,1.79
27380.0,2.21
27480.0,1.95
27580.0,2.24
27670.0,2.08
27770.0,1.95
27870.0,2.32
27960.0,2.23
28060.0,2.13
28160.0,2.53
28250.0,2.48
28350.0,2.65
28450.0,2.63
28540.0,2.54
28640.0,2.55
28740.0,2.48
28830.0,2.15
28930.0,1.77
28930.0,1.76
29040.0,2.17
29150.0,2.69
29260.0,2.61
29370.0,2.78
29480.0,2.6
29590.0,2.62
29700.0,2.53
29840.0,2.46
29990.0,2.62
30130.0,2.29
30270.0,2.33
30420.0,2.05
30560.0,2.35
30700.0,2.03
30840.0,2.39
30980.0,2.39
31110.0,2.39
31250.0,2.49
31390.0,2.33
31530.0,2.13
31660.0,2.34
31800.0,2.19
31940.0,2.01
32080.0,1.95
32210.0,1.8
32350.0,1.84
32490.000000000004,1.65
32590.000000000004,1.78
32689.999999999996,1.88
32800.0,2.31
32900.0,2.41
33000.0,2.59
33110.0,2.25
33210.0,2.32
33310.0,2.32
33410.0,2.3
33520.0,1.98
33620.0,1.9
33720.0,1.54
33830.0,1.46
33910.0,1.67
34000.0,2.29
34090.0,2.19
34180.0,2.06
34260.0,2.37
34350.0,2.21
34440.0,2.23
34520.0,2.24
34610.0,2.24
34700.0,2.1
34780.0,1.92
34870.0,1.71
34960.0,1.7
35050.0,1.61
35130.0,1.58
35220.0,1.4
35310.0,1.67
35390.0,1.45
35480.0,1.54
35570.0,1.53
35670.0,2.24
35770.0,2.31
35870.0,2.45
35980.0,2.46
36080.0,2.56
36190.0,2.37
36300.0,2.26
36420.0,2.11
36530.0,2.08
36650.0,2.12
36770.0,2.15
36880.0,1.41
36990.0,1.56
37110.0,1.86
37230.0,1.64
37340.0,1.54
37460.0,1.62
37570.0,1.69
37690.0,1.62
37800.0,1.56
37920.0,1.46
38030.0,1.54
38150.0,1.5
38260.0,1.48
38380.0,1.97
38500.0,2.45
38620.0,2.34
38740.0,2.54
38860.0,2.45
38980.0,2.29
39100.0,2.33
39230.0,2.39
39350.0,2.1
39470.0,2.62
39590.0,2.48
39710.0,2.37
39830.0,2.34
39970.0,1.78
40120.0,1.81
40270.0,1.55
40410.0,1.99
40560.0,1.87
40710.0,1.95
40860.0,1.85
41160.0,2.37
41160.0,2.41
41310.0,1.43
41310.0,1.56
41450.0,1.5
41450.0,1.42
41580.0,1.63
41580.0,1.54
41700.0,2.14
41810.0,2.19
41920.0,2.33
42030.0,2.28
42140.0,2.23
42300.0,2.12
42450.0,2.07
42590.0,2.13
42730.0,1.81
42870.0,1.75
43010.0,1.78
43140.0,1.39
43140.0,1.4
43280.0,1.03
43280.0,1.02
43370.0,1.31
43370.0,1.25
43470.0,1.68
43560.0,1.63
43660.0,2.16
43660.0,1.93
43760.0,1.75
43850.0,2.11
43950.0,2.17
44050.0,2.17
44200.0,2.07
44360.0,1.97
44510.0,1.89
44670.0,1.95
44820.0,1.44
44980.0,1.37
45130.0,1.39
45290.0,1.53
45440.0,1.53
45490.0,1.52
45650.0,1.26
45810.0,1.35
45960.0,1.41
46120.0,1.34
46270.0,1.33
46430.0,1.36
46580.0,1.35
46740.0,1.51
46890.0,1.41
47050.0,1.62
47360.0,2.34
47680.0,2.3
47990.0,2.33
48310.0,2.38
48620.0,2.42
48940.0,2.42
49230.0,2.41
49500.0,2.38
49500.0,2.4
49760.0,2.36
50030.0,2.03
50330.0,2.1
50630.0,2.06
50940.0,1.63
50940.0,1.79
51240.0,2.0
51540.0,1.6
51840.0,1.56
52140.0,1.41
52230.0,1.66
52310.0,1.72
52390.0,1.83
52470.0,1.51
52550.0,1.5
52630.0,1.59
52710.0,1.42
52790.0,1.41
52870.0,1.4
52950.0,1.53
53030.0,1.41
53110.0,1.81
53190.0,1.48
53270.0,1.46
53350.0,1.3
53430.0,1.3
53510.0,1.35
53590.0,1.34
53670.0,1.25
53750.0,1.06
53830.0,1.17
53910.0,1.18
53990.0,1.26
54070.0,1.11
54150.0,1.23
54230.0,1.32
54310.0,1.3
54390.0,1.17
54480.0,1.45
54620.0,2.07
54760.0,1.97
54910.0,1.7
55060.0,1.87
55210.0,1.78
55360.0,1.98
55510.0,1.95
55660.0,1.72
55810.0,2.04
55970.0,1.84
56120.0,2.15
56270.0,2.01
56420.0,1.97
56580.0,1.94
56730.0,2.03
56880.0,1.76
57040.0,1.22
57190.0,1.29
57330.0,1.33
57480.0,1.18
57630.0,1.18
57780.0,1.28
58070.0,1.24
58220.0,1.75
58370.0,1.53
58520.0,2.11
58660.0,2.14
58750.0,2.04
58860.0,1.89
58970.0,2.0
59090.0,1.34
59380.0,1.45
59670.0,1.95
59960.0,2.01
60250.0,2.05
60840.0,2.21
61130.0,2.3
61420.0,2.08
61720.0,2.43
62010.0,2.39
62300.0,2.34
62590.0,2.42
63180.0,2.71
63470.0,2.57
63760.0,2.66
63930.0,2.52
64090.0,2.29
64260.00000000001,1.96
64620.00000000001,2.28
65030.0,2.56
65450.0,2.64
65860.0,2.85
66270.0,2.57
66680.0,2.75
66940.0,2.38
67550.0,2.16
67780.0,2.14
68000.0,2.09
68230.0,2.08
68460.0,1.99
68680.0,2.11
68950.0,2.0
69290.0,2.07
69630.0,2.26
69970.0,1.98
70320.0,1.84
70650.0,1.51
70990.0,1.71
71330.0,1.21
71680.0,1.5
72010.0,1.3
72360.0,1.33
72690.0,1.74
72980.0,1.81
73190.0,1.86
73380.0,1.38
73580.0,1.06
73780.0,1.11
73970.0,0.78
74170.0,0.83
74360.0,0.86
74560.0,1.0
74970.0,1.63
75300.0,1.92
75570.0,2.06
75840.0,2.01
76120.0,2.06
76390.0,1.99
76670.0,1.69
76890.0,1.53
77110.0,1.27
77350.0,1.14
77590.0,1.11
77830.0,1.14
78080.0,0.93
78320.0,1.02
78560.0,1.01
78810.0,0.99
79050.0,1.04
79300.0,1.13
79540.0,0.75
79780.0,1.07
80020.0,1.02
80270.0,0.71
80510.0,0.96
80750.0,0.93
81000.0,1.01
81240.0,1.01
81480.0,0.99
81730.0,0.75
81970.0,0.84
82210.0,0.93
82460.0,0.66
82700.0,0.9
82940.0,1.23
83180.0,1.61
83410.0,1.65
83630.0,1.72
83860.0,1.84
84190.0,2.16
84520.0,2.08
84850.0,2.13
85170.0,2.2
85500.0,2.13
85840.0,2.12
86170.0,2.26
86500.0,2.25
86820.0,2.28
87260.0,1.47
87440.0,1.22
87750.0,1.12
88050.0,1.15
88360.0,1.14
88660.0,0.99
88970.0,1.05
89280.0,0.86
89580.0,1.12
89890.0,0.98
90190.0,0.84
90500.0,0.84
90800.0,0.96
91110.0,1.03
91410.0,0.9
91720.0,1.01
92020.0,1.14
92330.0,1.02
92640.0,0.92
92940.0,1.09
93250.0,0.91
93550.0,0.9
93830.0,0.89
94090.0,0.87
94360.0,1.09
94620.0,0.98
94880.0,1.03
95150.0,1.06
95410.0,1.2
95670.0,0.99
95940.0,0.89
96200.0,0.89
96460.0,1.03
96730.0,1.0
96990.0,1.17
97250.0,1.12
97520.0,1.04
97780.0,1.06
98050.0,0.91
98310.0,0.84
98570.0,0.93
98830.0,0.95
99100.0,0.92
99360.0,0.78
99620.0,0.88
99880.0,1.01
100150.0,0.91
100670.0,0.76
100940.0,1.0
101200.0,0.76
101460.0,0.43
101730.0,0.46
101990.0,0.49
102260.0,0.73
102520.0,0.61
102780.0,0.82
103050.0,0.6
103310.0,0.86
103620.0,1.34
103950.0,1.79
104270.0,1.68
104610.0,2.01
104940.0,1.86
105600.0,1.76
105930.0,1.41
106270.0,1.24
106620.0,1.06
106970.0,0.59
107660.0,0.87
108020.0,0.76
108360.0,0.62
108710.0,0.53
109070.0,0.58
109410.0,1.03
109620.0,0.66
109680.0,1.18
109710.0,1.66
109740.0,1.08
109760.0,1.77
109790.0,1.98
109820.0,2.1
109850.0,2.11
109880.0,2.26
109910.0,2.23
109940.0,2.02
109970.0,2.24
110050.0,1.97
110120.0,1.93
110170.0,1.22
110230.0,1.55
110290.0,1.18
110360.0,1.63
110420.0,1.19
110480.0,1.07
110540.0,1.31
110640.0,1.13
110740.0,0.94
110840.0,0.87
110930.0,1.16
111030.0,1.07
111120.0,0.94
111220.0,0.91
111320.0,0.95
111410.0,0.97
111510.0,0.98
111610.0,0.96
111700.0,0.69
111810.0,0.88
111900.0,0.81
112000.0,0.93
112090.0,0.65
112190.0,0.78
112290.0,0.77
112390.0,0.75
112480.0,0.7
112580.0,0.78
112670.0,0.53
112870.0,0.7
112970.0,0.83
113060.0,0.83
113160.0,0.78
113270.0,0.78
113380.0,0.99
113490.0,0.63
113600.0,0.76
113700.0,0.84
113810.0,0.81
113910.0,0.77
114030.0,0.81
114130.0,0.75
114230.0,0.87
114340.0,0.91
114450.0,0.92
114560.0,0.85
114670.0,1.05
114770.0,0.87
114870.0,1.06
115030.0,0.89
115360.0,0.98
115520.0,0.92
115690.0,0.88
115860.0,0.96
116020.0,0.87
116170.0,0.94
116340.0,0.95
116510.0,0.8
116670.0,0.99
116840.0,0.55
117000.0,0.81
117200.0,0.64
117380.0,0.77
117560.0,0.83
117750.0,0.7
117930.0,0.61
118130.0,0.65
118320.0,0.59
118500.0,0.88
118690.0,0.71
118870.0,0.99
119050.0,0.67
119150.0,0.72
119220.0,0.65
119290.0,0.79
119430.0,0.66
119500.0,0.63
119560.0,0.65
119630.0,0.55
119700.0,0.53
119770.0,0.56
119840.0,0.62
119900.0,0.56
119970.0,0.5
120040.0,0.32
120110.0,0.48
120180.0,0.35
120250.0,0.46
120310.0,0.4
120380.0,0.48
120450.0,0.45
120520.0,0.81
120590.0,0.76
120660.0,0.49
120730.0,0.58
120790.0,0.64
120860.0,0.83
120930.0,0.63
121000.0,0.4
121070.0,0.7
121140.0,0.66
121210.0,0.38
121290.0,0.9
121360.0,0.82
121430.0,0.59
121540.0,0.69
121670.0,0.5
121800.0,0.36
121940.0,0.55
122070.0,0.46
122200.0,0.52
122330.0,0.39
122460.0,0.42
122590.0,0.16
122730.0,0.35
122860.0,0.21
123040.0,0.56
123220.0,0.31
123390.0,0.28
123570.0,-0.03
123760.0,0.29
123930.0,0.24
124110.0,-0.1
124290.0,0.11
124460.0,0.1
124650.0,0.15
124830.0,0.51
125000.0,0.08
125180.0,0.23
125360.0,0.17
125530.0,0.11
125720.0,-0.1
125900.0,0.05
126070.0,0.01
126170.0,0.1
126240.0,-0.03
126320.0,0.09
126410.0,0.36
126480.0,0.07
126560.0,-0.06
126640.0,0.19
126720.0,-0.18
126800.0,0.32
126870.0,0.04
126950.0,-0.11
127020.0,-0.05
127100.0,-0.05
127170.0,-0.01
127260.0,0.08
127330.0,-0.04
127410.0,-0.17
127480.0,-0.01
127560.0,-0.04
127630.0,0.1
127710.0,0.11
127790.0,0.11
127860.0,0.05
127940.0,0.09
128009.99999999999,0.08
128090.0,-0.06
128169.99999999999,-0.3
128250.0,0.15
128320.0,0.08
128380.0,-0.07
128449.99999999999,0.41
128509.99999999999,0.38
128570.0,0.44
128630.0,0.35
128699.99999999999,0.6
128759.99999999999,0.93
128820.0,0.67
128880.0,0.13
128979.99999999999,0.36
129090.0,0.97
129210.00000000001,0.47
129320.0,0.98
129440.0,0.97
129539.99999999999,0.92
129660.0,0.88
129889.99999999999,1.02
130000.0,0.94
130110.00000000001,0.91
130229.99999999999,0.96
130350.0,0.82
130449.99999999999,1.02
130570.0,0.93
130680.0,0.97
130800.00000000001,0.81
130919.99999999999,0.95
131020.00000000001,1.02
131140.0,0.73
131250.0,1.17
131370.0,0.97
131480.0,1.2
131590.0,1.31
131710.0,0.98
131960.0,1.16
132090.0,1.5
132230.0,1.57
132360.0,1.81
132480.0,1.9
132890.0,1.91
133280.0,2.3
133540.0,2.13
133670.0,2.01
133940.0,1.81
134070.0,2.33
134200.0,2.24
134310.0,2.26
134430.0,2.42
134540.0,2.53
134640.0,2.56
134760.0,2.59
134870.0,2.46
134980.0,2.74
135080.0,2.52
135200.0,2.57
135310.0,2.63
135420.0,2.5
135530.0,2.7
135640.0,2.71
135750.0,2.7
135870.0,2.65
135970.0,2.79
136310.0,2.72
136640.0,2.05
136970.0,1.9
137370.0,1.92
137810.0,1.78
138200.0,1.2
138590.0,1.74
138990.0,2.07
139290.0,1.69
139590.0,1.7
139890.0,1.92
140190.0,1.9
140490.0,2.17
141090.0,2.52
141390.0,2.75
141690.0,2.21
141940.0,2.6
142140.0,2.19
142330.0,2.3
142520.0,2.27
142710.0,2.17
142910.0,2.26
143100.0,2.21
143300.0,2.3
143490.0,2.47
143680.0,2.57
143870.0,2.07
144060.0,2.77
144270.0,2.76
144470.0,2.75
144670.0,2.95
144880.0,2.75
145080.0,2.83
145280.0,2.83
145490.0,2.71
145690.0,2.77
145900.0,2.59
146100.0,2.61
146300.0,2.78
146510.0,2.61
146710.0,2.95
147020.0,2.85
147320.0,2.71
147630.0,2.79
147930.0,2.66
148230.0,2.91
148500.0,2.97
148680.0,2.91
148870.0,2.8
149050.0,2.63
149240.0,2.37
149440.0,2.44
149870.0,2.83
150090.0,2.49
150710.0,2.41
151490.0,2.78
151880.0,2.7
152260.0,2.65
152650.0,2.47
153040.0,2.78
153820.0,2.9
154210.0,3.01
154600.0,2.84
154990.0,2.81
155380.0,2.88
155760.0,2.85
156150.0,2.91
156540.0,2.75
156930.0,2.72
157310.0,2.48
157700.0,2.66
158090.0,2.53
158490.0,2.28
158870.0,2.51
159260.0,2.15
159660.0,1.99
160040.0,1.96
160390.0,2.31
160870.0,2.46
161340.0,2.29
161820.0,2.23
162290.0,2.22
162770.0,2.28
163150.0,2.32
163550.0,2.63
163910.0,2.68
164130.0,2.19
164340.0,2.24
164640.0,2.21
164980.0,2.11
165330.0,2.11
165670.0,2.02
166020.0,1.85
166710.0,1.96
167060.0,1.75
167400.0,1.75
167750.0,1.96
168440.0,1.5
168790.0,1.71
169130.0,1.27
169450.0,1.39
169760.0,1.43
170060.0,1.21
170360.0,2.15
170700.0,2.14
171030.0,2.18
171370.0,1.93
171710.0,2.0
172040.0,2.47
172370.0,2.28
172710.0,2.39
173040.0,2.18
173380.0,2.13
173720.0,1.89
174050.0,1.29
174380.0,1.49
174710.0,2.27
175170.0,2.2
175650.0,2.15
176110.0,2.47
176590.0,2.24
177060.0,2.17
177520.0,2.35
178000.0,2.07
178490.0,2.11
179230.0,1.84
179230.0,1.21
179980.0,2.31
180300.0,2.39
180600.0,2.09
181180.0,2.41
181480.0,2.34
181770.0,2.31
182070.0,2.18
182370.0,1.45
182660.0,2.01
182960.0,1.63
183540.0,1.56
183840.0,1.73
184130.0,1.64
184430.0,1.69
184720.0,1.82
185010.0,1.78
185300.0,1.57
185570.0,1.57
185850.0,1.67
186120.0,1.86
186390.0,1.76
186660.0,1.64
186940.0,1.42
187210.0,1.41
187480.0,1.3
188160.0,0.81
188520.0,0.82
189030.0,1.23
189210.0,1.07
189390.0,0.93
189570.0,0.61
189750.0,1.64
189940.0,1.2
190030.0,1.54
190300.0,1.17
190570.0,2.14
190840.0,1.71
191100.0,1.88
192580.0,2.09
194410.0,0.71
194550.0,1.09
194950.0,1.7
195040.0,1.09
195960.0,0.44
196970.0,0.2
197120.0,0.44
197260.0,0.19
197550.0,0.46
197690.0,0.71
197840.0,0.52
197980.0,0.29
198120.0,0.3
198270.0,0.27
198410.0,0.49
198560.0,1.0
198560.0,0.76
198700.0,0.44
198840.0,0.23
198990.0,0.67
199130.0,0.64
199280.0,0.92
199420.0,0.78
199570.0,0.91
199710.0,1.1
199850.0,1.41
200000.0,1.46
200140.0,1.28
200430.0,1.41
200570.0,1.6
200720.0,1.91
200860.0,1.52
201010.0,1.76
201150.0,1.71
201290.0,1.76
201580.0,1.66
201870.0,1.97
202020.0,1.64
202160.0,1.48
202300.0,1.03
202450.0,1.64
202590.0,1.18
202740.0,0.98
202880.0,0.68
203020.0,1.03
203170.0,0.34
203310.0,0.9
203460.0,0.94
203600.0,0.71
203740.0,0.54
203890.0,0.79
204030.0,1.37
204180.0,1.06
204320.0,0.91
204470.0,0.68
204610.0,0.38
204750.0,0.41
204900.0,0.35
205040.0,0.6
205190.0,0.69
205330.0,0.41
205470.0,0.98
205620.0,0.47
205760.0,0.68
205910.0,0.27
206050.0,0.64
206190.0,0.68
206340.0,0.48
206480.0,0.43
206630.0,0.2
206770.0,0.43
206920.0,0.23
207060.0,0.25
207200.0,0.53
207350.0,0.5
207490.0,0.74
207640.0,0.48
207780.0,0.44
207920.0,0.51
208070.0,0.77
208210.0,0.39
208360.0,0.53
208500.0,0.54
208640.0,0.4
208790.0,0.13
208930.0,0.54
209080.0,0.64
209220.0,0.41
209370.0,0.13
209510.0,0.48
209650.0,0.24
209800.0,0.24
209940.0,0.2
210090.0,0.73
210230.0,0.87
210370.0,0.54
210520.0,0.94
210660.0,0.44
210810.0,0.35
210950.0,1.02
211090.0,0.64
211240.0,0.55
211380.0,0.61
211530.0,0.39
211670.0,0.44
211820.0,0.61
211960.0,0.42
212100.0,0.35
212250.0,0.4
212440.0,0.65
212690.0,0.25
212930.0,0.36
213420.0,0.37
213670.0,0.63
213920.0,0.46
214160.0,0.4
214410.0,0.68
214650.0,0.73
214900.0,0.6
215140.0,0.74
215390.0,0.57
215630.0,0.5
215880.0,0.54
216130.0,0.82
216370.0,0.68
216620.0,0.97
216860.0,0.45
217110.0,1.5
217350.0,1.08
217600.0,0.93
217840.0,0.8
218090.0,0.78
218330.0,0.5
218580.0,1.53
218700.0,1.65
218950.0,1.71
219190.0,1.87
219440.0,1.7
219680.0,1.76
219930.0,1.7
220180.0,2.04
220420.0,2.22
220670.0,2.28
220910.0,2.17
221160.0,1.76
221400.0,1.82
221650.0,1.69
221890.0,1.77
222140.0,1.61
222380.0,1.47
222630.0,1.25
222880.0,1.16
223120.0,0.91
223370.0,1.16
223610.0,1.17
223860.0,1.93
224100.0,1.75
224350.0,1.96
224590.0,2.19
224840.0,2.36
225090.0,1.84
225330.0,1.79
225580.0,1.65
225820.0,1.33
226080.0,1.6
226340.0,1.35
226610.0,1.37
226680.0,1.63
226880.0,1.42
226930.0,1.53
227140.0,1.58
227170.0,1.48
227410.0,1.56
227420.0,1.75
227660.0,1.51
227660.0,1.01
227910.0,1.5
227930.0,1.32
228150.0,1.34
228190.0,1.25
228400.0,1.35
228460.0,1.24
228640.0,1.3
228730.0,1.42
228890.0,1.41
228990.0,1.16
229140.0,0.9
229260.0,1.86
229630.0,1.09
229870.0,1.9
230120.0,1.21
230240.0,1.7
230360.0,1.49
230610.0,1.01
230850.0,1.13
231100.0,0.82
231350.0,1.09
231590.0,0.84
231840.0,0.77
232080.0,1.0
232330.0,0.76
232570.0,0.94
232820.0,1.02
233060.0,0.85
233310.0,0.98
233550.0,1.07
233800.0,1.46
234050.0,1.21
234290.0,0.6
234540.0,0.86
234780.0,0.49
235030.0,0.46
235270.0,0.86
235760.0,1.22
236010.0,0.9
236250.0,0.49
236500.0,0.99
236750.0,0.65
236990.0,0.78
237240.0,0.82
237480.0,1.02
237730.0,0.76
237970.0,0.56
238220.0,0.94
238460.0,0.85
238710.0,0.4
238960.0,0.71
239200.0,0.57
239450.0,0.63
239690.0,0.75
239940.0,0.46
240130.0,0.67
240260.0,0.51
240400.0,0.61
240530.0,0.51
240670.0,0.41
240800.0,0.41
240940.0,0.22
241070.0,0.5
241210.0,0.45
241340.0,0.3
241480.0,0.92
241610.0,0.68
241750.0,1.09
241880.0,1.07
242020.0,0.93
242150.0,1.31
242290.0,1.09
242560.0,0.95
242690.0,1.06
242830.0,1.05
242960.0,1.43
243100.0,1.28
243230.0,1.94
243360.0,1.61
243500.0,1.54
243630.0,1.85
243770.0,1.97
243900.0,2.25
244040.0,2.06
244170.0,2.1
244310.0,2.22
244440.0,2.35
244580.0,2.27
244710.0,2.41
244850.0,2.26
244980.0,2.5
245120.0,2.19
245250.0,2.24
245390.0,2.42
245520.0,2.28
245660.0,2.22
245790.0,2.07
245930.0,2.06
246060.0,2.21
246200.0,2.0
246330.0,1.47
246470.0,1.96
246600.0,1.45
246740.0,1.33
246870.0,1.25
247010.0,1.45
247140.0,1.33
247280.0,1.23
247410.0,1.35
247550.0,1.06
247680.0,1.22
247820.0,0.88
247950.0,1.2
248090.0,0.95
248220.0,0.77
248360.0,1.21
248490.0,1.41
248630.0,1.29
248760.0,1.35
248900.0,1.36
249030.0,1.54
249170.0,1.77
249300.0,2.6
249430.0,2.32
249570.0,1.84
249700.0,2.66
249840.0,2.46
249970.0,2.5
250110.0,2.55
250240.0,2.33
250380.0,2.24
250450.0,2.27
250650.0,2.34
250780.0,2.33
250920.0,2.2
251050.0,1.64
251190.0,1.8
251320.0,1.75
251460.0,1.76
251590.0,1.64
251730.0,1.82
251800.0,1.73
252000.0,1.69
252130.0,2.14
252270.0,1.96
252400.0,2.16
252540.0,2.44
252670.0,2.6
252810.0,2.37
252940.0,2.31
253080.0,2.51
253350.0,2.37
253480.0,1.87
253680.0,1.59
253820.0,1.43
253950.0,1.6
254090.0,1.67
254220.0,1.7
254360.0,1.66
254490.0,1.29
254490.0,1.65
254760.0,1.6
254900.0,1.77
255030.0,1.74
255170.0,1.64
255300.0,1.79
255440.0,1.52
255570.0,1.47
255710.0,1.8
255840.0,1.49
255980.0,1.59
256110.0,1.61
256380.0,1.49
256519.99999999997,1.27
256649.99999999997,1.41
256790.00000000003,1.63
256920.00000000003,1.87
257060.0,1.97
257190.0,1.84
257329.99999999997,1.81
257459.99999999997,1.56
257600.00000000003,1.75
257730.00000000003,1.56
257870.0,1.55
258000.0,1.68
258140.0,1.62
258269.99999999997,1.82
258410.00000000003,1.77
258540.00000000003,1.56
258670.00000000003,1.67
258810.0,1.88
258940.0,1.6
259079.99999999997,1.74
259209.99999999997,1.88
259350.00000000003,1.95
259480.00000000003,1.8
259620.0,1.77
259750.0,1.83
259890.0,1.71
260019.99999999997,1.95
260160.00000000003,1.53
260290.00000000003,1.59
260430.0,1.55
260560.0,1.61
260630.0,1.7
260769.99999999997,1.59
260899.99999999997,1.62
261040.00000000003,1.74
261170.00000000003,1.37
261310.0,1.34
261440.0,1.74
261709.99999999997,1.57
261839.99999999997,1.64
261980.00000000003,1.34
262110.0,1.71
262250.0,1.44
262380.0,1.68
262520.0,1.49
262650.0,1.83
262790.0,1.69
262920.0,2.15
263060.0,2.07
263190.0,2.04
263330.0,2.18
263460.0,2.34
263600.0,2.0
263730.0,1.98
263870.0,1.95
264000.0,1.86
264140.0,1.69
264270.0,2.04
264410.0,1.87
264460.0,1.99
264540.0,2.28
264600.0,2.18
264680.0,2.13
264720.0,1.84
264810.0,1.82
264860.0,1.61
264950.0,1.81
264990.0,1.82
265080.0,2.04
265130.0,1.65
265220.0,1.41
265260.0,1.78
265350.0,1.56
265390.0,1.56
265490.0,1.68
265530.0,1.6
265620.0,1.68
265660.0,1.6
265760.0,1.58
265800.0,1.57
265930.0,2.21
266060.0,2.11
266190.0,2.2
266330.0,2.24
266460.0,2.06
266590.0,1.97
266730.0,1.84
266860.0,1.76
267000.0,2.14
267130.0,1.43
267260.0,1.51
267400.0,1.75
267530.0,1.38
267660.0,1.46
267790.0,1.56
267930.0,1.23
268060.0,1.58
268190.0,1.36
268330.0,1.4
268460.0,1.14
268600.0,1.29
268730.0,1.4
268860.0,1.17
268990.0,0.87
269130.0,1.03
269260.0,1.41
269400.0,1.89
269530.0,1.71
269670.0,2.02
269800.0,2.07
269940.0,1.71
270070.0,2.21
270210.0,2.25
270340.0,2.48
270480.0,2.36
270610.0,2.07
270750.0,2.3
270880.0,2.25
271020.0,2.39
271150.0,2.51
271290.0,2.46
271420.0,2.39
271560.0,2.31
271690.0,2.28
271830.0,2.43
271960.0,2.35
272100.0,2.35
272230.0,2.51
272370.0,2.62
272500.0,2.25
272640.0,2.38
272770.0,2.23
272910.0,2.58
273040.0,2.49
273180.0,2.71
273310.0,2.6
273450.0,2.56
273720.0,2.55
274120.0,2.81
274250.0,2.78
274390.0,2.81
274520.0,2.64
274660.0,2.73
274790.0,2.49
274930.0,2.55
275060.0,2.27
275200.0,2.35
275330.0,2.03
275470.0,1.91
275600.0,2.17
275740.0,2.06
275870.0,2.09
276010.0,2.12
276140.0,2.02
276280.0,1.8
276410.0,2.18
276550.0,2.28
276680.0,2.29
276820.0,2.14
276950.0,1.84
277090.0,2.03
277220.0,2.16
277360.0,2.47
277490.0,2.62
277630.0,2.43
277760.0,2.62
277900.0,2.3
278030.0,2.15
278170.0,2.08
278300.0,1.65
278440.0,2.15
278570.0,1.98
278710.0,1.74
278840.0,1.94
278980.0,1.6
279110.0,1.82
279250.0,1.56
279380.0,2.01
279520.0,1.54
279650.0,1.29
279790.0,1.22
279920.0,1.16
280050.0,1.0
280190.0,1.19
280320.0,1.21
280460.0,1.32
280590.0,1.29
280730.0,1.39
280860.0,2.12
281000.0,2.04
281130.0,1.28
281270.0,1.07
281400.0,1.39
281540.0,1.2
281670.0,1.2
281940.0,1.11
282080.0,1.16
282210.0,1.21
282350.0,1.15
282480.0,0.91
282620.0,1.0
282750.0,1.07
282890.0,0.97
283020.0,1.03
283160.0,1.04
283290.0,1.01
283430.0,0.93
283560.0,0.94
283700.0,1.06
283830.0,0.89
283970.0,1.01
284100.0,1.07
284240.0,1.09
284370.0,1.26
284510.0,0.99
284640.0,1.02
284780.0,0.83
284910.0,1.08
285050.0,1.09
285180.0,0.91
285320.0,1.01
285450.0,0.98
285590.0,1.07
285720.0,0.86
285860.0,0.96
285990.0,0.97
286120.0,0.86
286260.0,0.72
286390.0,0.79
286660.0,0.81
286800.0,0.83
286930.0,0.81
287070.0,0.71
287200.0,0.9
287340.0,0.73
287470.0,0.83
287610.0,0.91
287740.0,0.77
287880.0,0.72
288010.0,0.74
288150.0,0.84
288280.0,0.62
288420.0,0.65
288550.0,0.65
288690.0,0.61
288820.0,0.7
288960.0,0.74
289090.0,0.59
289220.0,0.91
289340.0,0.79
289470.0,0.84
289590.0,0.81
289710.0,0.86
289840.0,0.81
289960.0,0.98
290080.0,0.89
290200.0,0.54
290330.0,0.79
290450.0,0.98
290570.0,0.62
290690.0,0.8
290820.0,1.56
290940.0,1.67
291060.0,1.53
291190.0,1.98
291310.0,1.97
291430.0,1.98
291550.0,1.95
291680.0,2.12
291800.0,2.0
291920.0,2.08
292040.0,1.81
292170.0,2.03
292290.0,1.99
292410.0,1.81
292540.0,1.77
292660.0,2.01
292780.0,2.15
292900.0,2.21
293030.0,1.71
293150.0,1.53
293270.0,1.82
293390.0,1.71
293580.0,2.11
293700.0,2.0
293820.0,1.94
293950.0,2.05
294070.0,2.08
294190.0,2.0
294320.0,1.99
294440.0,1.71
294560.0,1.45
294680.0,1.6
294810.0,1.38
294930.0,1.89
295050.0,1.74
295170.0,1.76
295300.0,1.71
295420.0,1.48
295540.0,1.59
295670.0,1.38
295790.0,1.32
295910.0,1.63
296030.0,1.25
296160.0,1.3
296280.0,1.5
296400.0,1.36
296530.0,1.37
296650.0,1.37
296770.0,1.46
296890.0,1.94
297020.0,1.79
297140.0,1.81
297260.0,1.25
297380.0,2.2
297510.0,1.88
297630.0,2.06
297750.0,1.55
297880.0,1.66
298000.0,1.56
298120.0,1.39
298240.0,1.48
298370.0,1.29
298490.0,1.4
298610.0,1.54
298730.0,1.27
298860.0,1.29
298980.0,1.52
299100.0,1.33
299230.0,1.11
299350.0,1.17
299470.0,1.24
299590.0,1.22
299840.0,1.33
299960.0,1.08
300080.0,1.17
300210.0,1.14
300330.0,1.09
300450.0,1.52
300580.0,1.28
300700.0,1.14
300820.0,1.41
300940.0,2.05
301070.0,2.37
301190.0,1.88
301310.0,1.37
301440.0,1.37
301560.0,1.23
301680.0,1.38
301800.0,1.28
301930.0,1.27
302050.0,2.06
302170.0,1.28
302290.0,1.72
302420.0,1.17
302540.0,1.58
302660.0,1.15
302850.0,1.59
302970.0,0.89
303090.0,1.18
303210.0,0.86
303340.0,0.96
303460.0,1.06
303580.0,0.98
303710.0,1.29
303830.0,0.87
303950.0,1.06
304070.0,0.97
304200.0,0.99
304320.0,1.03
304440.0,0.85
304570.0,1.05
304690.0,1.15
304810.0,0.84
304930.0,0.91
305060.0,0.84
305180.0,1.03
305300.0,0.9
305420.0,1.14
305550.0,1.53
305670.0,1.37
305790.0,1.25
305920.0,1.24
306040.0,1.99
306160.0,1.84
306280.0,1.91
306410.0,1.93
306470.0,2.01
306530.0,1.9
306600.0,1.8
306650.0,1.62
306730.0,1.58
306770.0,1.41
306850.0,1.47
306900.0,1.33
306990.0,1.61
307020.0,1.38
307120.0,1.19
307140.0,1.27
307250.0,1.05
307270.0,1.21
307380.0,1.19
307390.0,1.35
307510.0,1.09
307510.0,0.97
307630.0,1.13
307650.0,1.33
307780.0,0.85
307880.0,1.13
307900.0,0.97
308000.0,1.16
308040.0,1.07
308120.0,1.15
308170.0,1.12
308300.0,1.4
308430.0,1.48
308560.0,1.26
308700.0,1.19
308820.0,1.54
308960.0,1.34
309090.0,1.67
309220.0,1.25
309350.0,0.98
309480.0,1.09
309610.0,1.23
309750.0,1.31
309870.0,1.05
310010.0,0.94
310140.0,1.01
310400.0,1.02
310530.0,1.05
310690.0,0.79
310880.0,0.91
311060.0,0.87
311250.0,0.92
311430.0,1.01
311610.0,1.02
311800.0,0.67
311980.0,0.9
312160.0,0.77
312350.0,0.96
312530.0,0.96
312720.0,0.73
312900.0,0.83
313130.0,0.86
313270.0,0.97
313430.0,0.97
313580.0,1.17
313730.0,1.57
313880.0,1.45
314040.0,1.55
314180.0,1.5
314340.0,1.49
314490.0,1.48
314640.0,1.1
314790.0,1.09
314950.0,1.2
315090.0,1.18
315250.0,1.16
315400.0,0.85
315550.0,0.62
315700.0,0.49
315860.0,0.74
316000.0,0.58
316160.0,0.45
316320.0,0.97
316470.0,1.59
316640.0,1.95
316800.0,1.96
316960.0,1.84
317120.0,2.08
317280.0,1.82
317440.0,2.01
317600.0,2.02
317920.0,2.03
318030.0,1.81
318090.0,1.88
318150.0,1.75
318150.0,1.75
318270.0,2.04
318270.0,2.04
318390.0,1.89
318390.0,1.89
318510.0,1.91
318510.0,1.91
318630.0,2.13
318630.0,2.13
318750.0,1.94
318750.0,1.94
318870.0,1.12
318870.0,1.12
318990.0,1.19
318990.0,1.19
319100.0,1.2
319100.0,1.2
319220.0,1.09
319220.0,1.09
319340.0,1.1
319340.0,1.1
319580.0,1.18
319580.0,1.18
319700.0,1.32
319700.0,1.32
319820.0,0.94
319820.0,0.94
319940.0,0.96
319940.0,0.96
320060.0,1.15
320060.0,1.15
320180.0,1.29
320180.0,1.29
320290.0,0.98
320290.0,0.98
320410.0,1.0
320410.0,1.0
320530.0,1.02
320530.0,1.02
320650.0,0.65
320650.0,0.65
320770.0,0.97
320770.0,0.97
320890.0,0.67
320890.0,0.67
321010.0,0.9
321010.0,0.9
321130.0,0.98
321130.0,0.98
321250.0,0.87
321250.0,0.87
321370.0,0.93
321370.0,0.93
321480.0,0.72
321480.0,0.72
321600.0,0.71
321600.0,0.71
321600.0,0.71
321720.0,0.71
321840.0,0.7
321960.0,0.84
322080.0,0.9
322080.0,0.9
322080.0,0.9
322200.0,0.63
322320.0,0.7
322440.0,0.46
322680.0,0.57
322800.0,0.55
322920.0,0.71
323040.0,0.64
323160.0,0.59
323400.0,0.58
323520.0,0.52
323640.0,0.49
323760.0,0.39
323870.0,0.75
323870.0,0.75
323870.0,0.75
323990.0,0.54
324230.0,0.38
324350.0,0.38
324830.0,0.62
325030.0,0.51
325220.0,0.42
325420.0,0.51
325620.0,0.41
325820.0,0.48
326010.0,0.47
326020.0,0.53
326020.0,0.53
326140.0,0.65
326140.0,0.65
326210.0,0.58
326250.0,0.55
326250.0,0.55
326370.0,0.37
326370.0,0.37
326410.0,0.45
326490.0,0.36
326490.0,0.36
326600.0,0.45
326610.0,0.35
326610.0,0.35
326730.0,0.27
326730.0,0.27
326800.0,0.46
326910.0,0.46
326910.0,0.46
327000.0,0.37
327160.0,0.2
327160.0,0.2
327200.0,0.39
327390.0,0.32
327400.0,0.39
327400.0,0.39
327570.0,0.25
327640.0,0.19
327640.0,0.19
327750.0,0.3
327820.0,0.31
327820.0,0.31
327940.0,0.28
328120.0,0.36
328300.0,0.25
328480.0,0.42
328670.0,0.35
328850.0,0.27
329030.0,0.24
329210.0,0.23
329400.0,0.31
329580.0,0.31
329760.0,0.23
329940.0,0.2
330130.0,0.23
330310.0,0.38
330490.0,0.23
330670.0,0.09
330860.0,0.27
331040.0,0.08
331220.0,0.31
331400.0,0.23
331580.0,0.26
331770.0,0.0
331950.0,0.26
332240.0,0.21
332540.0,-0.09
332840.0,0.28
333130.0,0.28
333420.0,0.25
333710.0,0.07
334020.0,0.48
334310.0,0.32
334600.0,0.35
334890.0,0.53
335200.0,0.17
335490.0,0.63
335780.0,0.33
336070.0,0.78
336380.0,0.49
336670.0,0.79
336960.0,0.87
337250.0,0.93
337550.0,0.75
337850.0,0.58
338140.0,0.99
338430.0,0.66
338720.0,0.76
339020.0,1.68
339310.0,1.07
339610.0,0.88
339900.0,1.52
340200.0,1.05
340490.0,1.6
341020.0,2.4
341160.0,1.81
341300.0,1.82
341450.0,1.88
341590.0,1.68
341730.0,1.56
341870.0,1.59
342010.0,1.67
342150.0,2.11
342290.0,2.12
342430.0,1.95
342570.0,1.54
342710.0,1.62
342850.0,1.75
342990.0,1.77
343130.0,1.91
343270.0,1.63
343410.0,1.43
343550.0,1.69
343690.0,1.92
343830.0,1.94
343970.0,1.9
344110.0,1.61
344250.0,1.77
344390.0,1.64
344530.0,1.59
344670.0,1.45
344820.0,1.5
344960.0,1.57
345100.0,1.5
345240.0,1.54
345400.0,2.05
345550.0,1.56
345720.0,1.61
345870.0,2.01
346030.0,1.78
346180.0,1.62
346340.0,1.3
346500.0,1.33
346660.0,1.45
346820.0,1.42
346970.0,1.39
347130.0,1.35
347290.0,1.46
347450.0,1.33
347600.0,1.55
347760.0,1.65
347920.0,1.79
348070.0,2.1
348230.0,1.63
348390.0,1.59
348550.0,1.35
348700.0,1.78
348860.0,2.17
349020.0,2.18
349180.0,2.46
349330.0,2.06
349490.0,2.41
349650.0,2.39
349800.0,2.21
349970.0,2.45
350120.0,2.49
350280.0,2.52
350430.0,2.57
350590.0,2.63
350750.0,2.33
350900.0,2.49
351070.0,2.42
351220.0,2.45
351380.0,2.48
351540.0,2.66
351700.0,2.62
351850.0,2.59
352010.0,2.67
352170.0,2.63
352320.0,2.66
352480.0,2.55
352640.0,2.62
352800.0,2.61
352950.0,2.7
353860.0,2.41
354000.0,2.46
354130.0,1.89
354400.0,2.2
354540.0,2.05
354670.0,1.84
354810.0,2.02
354940.0,2.11
355080.0,2.0
355210.0,2.03
355350.0,2.26
355480.0,2.31
355620.0,2.27
355750.0,2.22
355890.0,2.33
356020.0,2.34
356160.0,2.2
356290.0,1.94
356420.0,2.09
356560.0,2.14
356700.0,2.19
356960.0,2.43
357100.0,2.14
357240.0,2.36
357370.0,1.96
357500.0,1.69
357640.0,1.94
357780.0,1.68
357910.0,1.97
358040.0,1.85
358180.0,1.95
358320.0,1.87
358450.0,1.92
358580.0,1.82
358860.0,1.87
358990.0,1.99
359110.0,2.17
359240.0,2.1
359360.0,1.89
359480.0,1.75
359610.0,1.68
359730.0,1.49
359850.0,1.55
359970.0,1.47
360220.0,1.71
360340.0,1.99
360470.0,2.22
360590.0,2.42
360710.0,2.4
360830.0,2.46
360950.0,2.43
361070.0,2.36
361200.0,1.94
361360.0,1.7
361520.0,1.61
361690.0,1.62
361850.0,1.46
362000.0,1.44
362170.0,1.34
362330.0,1.34
362490.0,1.51
362650.0,1.45
362820.0,1.5
362980.0,1.62
363140.0,1.85
363300.0,1.91
363460.0,1.67
363620.0,1.76
363790.0,1.73
363950.0,2.2
364110.0,1.69
364270.0,1.51
364440.0,1.42
364590.0,1.37
364750.0,1.36
364920.0,1.27
365080.0,1.05
365240.0,1.34
365400.0,1.11
365570.0,1.75
365730.0,2.08
365880.0,2.31
366050.0,2.07
366210.0,1.65
366370.0,1.65
366520.0,1.65
366670.0,1.53
366820.0,1.43
366960.0,1.59
367110.0,1.72
367260.0,1.32
367410.0,1.22
367700.0,1.33
367850.0,1.2
368000.0,1.0
368150.0,1.06
368290.0,1.01
368440.0,0.92
368590.0,1.05
368740.0,1.1
368880.0,1.09
369030.0,0.86
369180.0,0.85
369330.0,1.05
369480.0,0.99
369620.0,1.09
369770.0,1.02
369920.0,0.83
370070.0,0.74
370210.0,0.94
370360.0,0.93
370510.0,0.89
370660.0,0.91
370810.0,0.95
371100.0,0.81
371250.0,0.89
371400.0,1.5
371540.0,2.29
371690.0,2.4
371840.0,2.45
371990.0,2.28
372140.0,2.48
372300.0,1.68
372470.0,1.66
372640.0,1.75
372810.0,1.56
372980.0,1.54
373150.0,1.38
373320.0,1.49
373490.0,1.41
373840.0,1.66
374010.0,1.58
374180.0,1.49
374350.0,1.47
374520.0,1.42
374690.0,1.39
374860.0,1.3
375200.0,1.28
375370.0,1.35
375550.0,1.28
375720.0,1.06
375890.0,1.22
376060.0,1.32
376230.0,1.3
376400.0,1.14
376570.0,1.28
376740.0,0.95
376910.0,1.2
377090.0,1.25
377260.0,1.23
377430.0,1.32
377600.0,1.25
377770.0,1.15
377940.0,1.12
378110.0,1.31
378280.0,1.07
378450.0,1.1
378620.0,1.34
378800.0,1.2
378970.0,0.96
379140.0,0.93
379310.0,1.02
379480.0,1.1
379650.0,0.87
379820.0,0.82
379990.0,0.85
380160.0,0.94
380340.0,0.87
380510.0,0.74
380680.0,0.67
380850.0,0.76
381020.0,0.7
381190.0,0.82
381360.0,0.56
381530.0,0.75
381700.0,0.74
382050.0,0.71
382220.0,0.67
382390.0,0.8
382560.0,0.53
382730.0,0.44
382900.0,0.74
383070.0,0.49
383240.0,1.78
383410.0,1.31
383590.0,2.11
383760.0,1.95
383930.0,2.03
384100.0,1.43
384270.0,1.88
384780.0,1.72
385130.0,1.13
385470.0,1.09
385640.0,0.97
385810.0,0.83
385980.0,0.83
386320.0,0.55
386490.0,0.87
386660.0,0.69
386660.0,0.93
386840.0,0.71
387010.0,0.73
387180.0,0.7
387350.0,0.65
387520.0,0.6
387690.0,0.59
387860.0,0.7
388030.0,0.77
388200.0,0.49
388290.0,0.49
388380.0,0.69
388460.0,0.61
388550.0,0.62
388720.0,0.71
388800.0,0.72
388890.0,0.69
388970.0,0.71
389060.0,0.73
389150.0,0.8
389230.0,0.72
389400.0,0.75
389490.0,0.61
389570.0,0.7
389740.0,0.81
389830.0,0.77
389910.0,0.8
390000.0,1.74
390090.0,1.64
390170.0,2.03
390260.0,1.68
390340.0,1.41
390430.0,1.65
390510.0,2.07
390600.0,1.67
390680.0,2.07
390770.0,1.72
390860.0,1.85
391030.0,1.54
391110.0,1.65
391200.0,1.96
391280.0,2.19
391540.0,1.95
391630.0,1.91
391710.0,1.53
391800.0,1.03
391970.0,2.11
392050.0,1.48
392140.0,1.17
392220.0,1.83
392310.0,1.02
392400.0,0.95
392480.0,0.92
392570.0,1.26
392650.0,0.84
392740.0,0.72
392820.0,0.79
392910.0,0.69
392990.0,0.77
393170.0,0.9
393250.0,0.81
393340.0,0.83
393420.0,0.89
393510.0,0.79
393590.0,0.73
393680.0,0.69
393760.0,0.66
393850.0,0.7
394110.0,1.15
394190.0,0.89
394280.0,0.96
394360.0,0.97
394450.0,0.87
394530.0,0.82
394620.0,1.09
394700.0,1.17
394880.0,0.85
395050.0,0.87
395130.0,0.92
395220.0,0.88
395300.0,0.81
395390.0,1.01
395470.0,1.04
395560.0,0.98
395610.0,0.78
395660.0,0.99
395710.0,0.84
395760.0,0.83
395800.0,0.92
395850.0,1.06
395900.0,0.88
395950.0,0.92
396000.0,0.84
396050.0,0.78
396150.0,0.93
396200.0,0.65
396240.0,0.78
396290.0,0.66
396340.0,0.63
396390.0,0.69
396440.0,0.97
396490.0,0.93
396540.0,1.15
396590.0,0.85
396640.0,0.75
396680.0,0.65
397030.0,0.66
397390.0,1.18
397390.0,1.02
397480.0,0.73
397520.0,1.29
397560.0,1.12
397610.0,0.93
397650.0,1.32
397700.0,0.98
397740.0,2.08
397780.0,1.91
397830.0,1.55
397870.0,1.49
397920.0,1.01
398000.0,1.24
398040.0,1.23
398090.0,1.4
398130.0,0.76
398180.0,1.41
398220.0,0.73
398260.0,0.82
398260.0,0.77
398350.0,0.65
398440.0,0.71
398530.0,1.03
398570.0,0.44
398620.0,0.76
398660.0,0.71
398700.0,0.88
398750.0,0.55
398790.0,0.62
398840.0,0.79
398880.0,0.65
398920.0,0.58
398970.0,0.53
399010.0,0.29
399060.0,0.61
399100.0,0.38
399140.0,0.81
399140.0,0.56
399230.0,0.76
399280.0,0.74
399320.0,0.97
399360.0,0.57
399410.0,0.94
399450.0,0.44
399500.0,0.31
399540.0,0.35
399580.0,0.95
399630.0,0.49
399670.0,0.45
399720.0,0.69
399760.0,0.32
399800.0,0.44
399850.0,0.31
399890.0,0.41
399940.0,0.75
399980.0,0.26
400020.0,0.28
400020.0,0.39
400110.0,0.37
400160.0,0.45
400200.0,0.24
400240.0,0.37
400290.0,0.27
400330.0,0.23
400380.0,0.41
400420.0,0.17
400460.0,0.46
400510.0,0.24
400550.0,0.41
400590.0,0.32
400630.0,0.33
400680.0,0.1
400720.0,0.23
400770.0,0.24
400810.0,0.39
400950.0,0.05
401280.0,0.42
401280.0,0.22
401950.0,0.27
402280.0,0.16
402620.0,0.24
402950.0,0.36
403280.0,0.36
403620.0,0.41
404280.0,0.61
404610.0,0.7
404950.0,0.65
405280.0,0.41
405610.0,0.36
406280.0,0.75
406610.0,0.48
406950.0,0.7
407280.0,0.78
407280.0,0.35
407610.0,0.37
407940.0,0.32
407940.0,0.87
408610.0,0.23
408610.0,0.03
408940.0,0.2
408940.0,0.24
409280.0,0.22
409610.0,0.33
409940.0,0.12
409940.0,0.18
410280.0,0.23
410610.0,0.32
410940.0,0.28
410940.0,0.14
411270.0,0.82
411270.0,0.36
411940.0,0.12
412270.0,-0.02
412610.0,0.45
412610.0,0.14
412940.0,0.44
413270.0,0.73
413610.0,0.44
413940.0,0.77
414270.0,1.07
414600.0,0.11
414940.0,0.58
415270.0,0.77
415270.0,0.65
418930.0,1.23
422590.0,1.33
426250.0,1.84
429900.0,1.16
429900.0,1.87
431670.0,1.26
431920.0,1.99
432170.0,1.93
432170.0,2.25
432430.0,1.99
432430.0,1.75
432770.0,2.03
432880.0,2.25
433000.0,2.42
433000.0,2.59
433110.0,2.49
433230.0,2.47
433350.0,2.24
433460.0,2.53
433460.0,2.58
433580.0,2.74
433690.0,2.45
433810.0,2.32
433930.0,2.1
433930.0,2.31
434040.0,2.24
434280.0,2.09
434390.0,2.47
434510.0,2.31
434620.0,2.24
434740.0,2.41
434740.0,2.16
434860.0,2.13
434970.0,2.25
435090.0,2.09
435200.0,2.32
435320.0,2.14
435320.0,1.93
435440.0,2.11
435550.0,2.11
435670.0,2.09
435790.0,2.25
435900.0,2.17
436020.0,2.16
436130.0,2.09
436260.0,2.08
436390.0,2.0
436520.0,2.06
436650.0,2.2
436780.0,2.04
437040.0,1.99
437170.0,2.14
437290.0,1.98
437550.0,2.04
437680.0,1.82
437810.0,2.09
437940.0,2.03
438070.0,2.26
438200.0,2.03
438330.0,1.96
438460.0,1.96
438580.0,2.13
438710.0,1.82
438840.0,1.79
438970.0,2.13
439100.0,1.93
439230.0,1.85
439230.0,2.07
439360.0,1.8
439490.0,1.72
439620.0,2.34
439750.0,2.06
439870.0,2.67
440130.0,2.44
440260.0,2.34
440390.0,2.85
440650.0,2.63
440780.0,2.62
440910.0,2.44
441040.0,2.4
441290.0,1.88
441420.0,1.82
441680.0,2.24
441810.0,2.21
441940.0,2.39
442070.0,2.14
442200.0,2.31
442330.0,1.92
442460.0,1.83
442710.0,1.97
442840.0,2.21
442970.0,2.0
443100.0,2.2
443360.0,2.52
443490.0,2.31
443750.0,2.41
444000.0,2.23
444260.0,2.47
444390.0,2.31
444520.0,2.56
444780.0,2.48
445040.0,1.81
445290.0,2.06
445550.0,2.38
445680.0,1.81
445940.0,1.94
446450.0,1.85
446710.0,2.15
447100.0,2.2
447490.0,1.93
447620.0,2.07
447870.0,1.98
448130.0,2.12
448390.0,1.68
448650.0,1.83
448910.0,1.93
449030.0,1.74
449290.0,1.89
449550.0,2.03
449940.0,2.33
450200.0,2.26
450450.0,2.2
450710.0,1.56
451100.0,1.93
451360.0,2.03
451620.0,1.89
451870.0,1.99
452260.0,2.17
452520.0,1.83
452910.0,1.85
453160.0,1.96
453550.0,1.86
453810.0,1.77
454070.0,1.78
454200.0,1.76
454450.0,1.73
454840.0,1.99
455100.0,1.68
455360.0,1.31
455610.0,1.25
456130.0,1.32
456390.0,1.24
456650.0,1.39
456780.0,1.78
457030.0,1.7
457290.0,2.53
457420.0,2.51
457680.0,2.54
457940.0,2.66
458070.0,2.56
458320.0,2.31
458580.0,2.02
458710.0,2.38
459100.0,2.12
459360.0,1.86
459610.0,2.36
459870.0,2.11
460130.0,2.06
460390.0,1.64
460650.0,1.82
460900.0,2.02
461160.0,2.5
461420.0,1.95
461680.0,1.84
461940.0,1.58
462190.0,1.75
462580.0,1.67
462840.0,1.82
463230.0,1.51
463480.0,1.27
463870.0,1.45
464130.0,1.57
464520.0,1.43
464770.0,1.46
465160.0,1.2
465420.0,1.37
465680.0,1.27
466060.0,0.88
466320.0,1.09
466580.0,1.14
467350.0,0.73
467610.0,1.16
467870.0,0.89
468130.0,0.71
468390.0,1.14
468770.0,1.75
469030.0,1.51
469290.0,2.23
469680.0,2.34
469810.0,2.45
470320.0,2.38
470710.0,2.14
470970.0,1.54
471480.0,1.21
471740.0,1.19
471870.0,1.51
472390.0,1.29
472770.0,0.9
472900.0,1.38
473160.0,0.89
473550.0,0.98
473810.0,0.81
474190.0,0.75
474320.0,0.99
474580.0,1.07
474840.0,0.91
474970.0,1.13
475100.0,0.97
475350.0,1.03
475610.0,0.98
475870.0,0.92
476130.0,0.75
476390.0,0.87
476640.0,1.17
476900.0,1.36
477290.0,2.11
477810.0,1.46
478450.0,1.59
478710.0,1.32
479100.0,1.3
479350.0,1.2
479610.0,1.2
480000.0,1.49
480260.0,1.03
480640.0,1.18
480900.0,0.93
481160.0,1.2
481290.0,1.13
481550.0,0.78
481800.0,0.91
482060.0,0.85
482320.0,0.98
482580.0,1.11
482840.0,0.95
483220.0,1.09
483480.0,0.76
483870.0,0.61
484130.0,0.71
484380.0,0.8
484770.0,0.97
485100.0,0.66
485230.0,0.7
485430.0,0.71
485770.0,0.55
485900.0,0.7
486110.0,0.6
486240.0,0.71
486370.0,0.54
486440.0,0.61
486580.0,0.68
486710.0,0.78
486850.0,0.84
486980.0,0.7
487110.0,0.81
487250.0,0.82
487380.0,0.75
487520.0,0.85
487650.0,0.71
487790.0,0.83
487920.0,0.66
488060.0,0.66
488320.0,0.61
488460.0,0.65
488590.0,0.7
488860.0,0.9
489000.0,0.77
489130.0,0.79
489270.0,0.76
489400.0,0.95
489540.0,0.92
489670.0,1.14
489800.0,0.95
489940.0,0.84
490070.0,0.84
490210.0,1.0
490340.0,0.81
490480.0,0.91
490610.0,0.96
490750.0,0.76
490880.0,0.82
491010.0,0.76
491150.0,0.85
491280.0,0.77
491550.0,0.82
491690.0,0.58
491820.0,0.65
491960.0,0.74
492090.0,1.02
492220.0,0.56
492360.0,0.75
492490.0,0.83
492610.0,0.7
492740.0,0.8
492870.0,0.9
493000.0,0.73
493130.0,0.73
493250.0,0.69
493380.0,0.69
493510.0,0.72
493640.0,0.8
493770.0,0.68
493900.0,0.62
494030.0,0.75
494150.0,0.74
494280.0,0.96
494410.0,0.81
494540.0,0.78
494670.0,0.85
494790.0,0.82
494920.0,0.66
495050.0,0.86
495180.0,1.1
495310.0,0.85
495440.0,0.91
495440.0,0.92
495570.0,0.72
495690.0,0.99
495720.0,0.88
495820.0,0.87
495860.0,0.85
495950.0,0.97
495990.0,0.84
496080.0,0.87
496120.0,0.94
496210.0,0.93
496260.0,1.16
496390.0,0.89
496530.0,0.96
496660.0,0.8
496800.0,0.9
496930.0,0.81
497070.0,0.89
497070.0,0.85
497200.0,0.94
497330.0,1.01
497470.0,0.85
497600.0,1.0
497740.0,0.96
497870.0,1.02
498010.0,0.9
498140.0,0.88
498280.0,0.79
498410.0,0.86
498550.0,0.79
498680.0,0.79
498810.0,0.79
498950.0,0.72
499080.0,0.85
499220.0,0.92
499350.0,0.83
499490.0,0.82
499620.0,1.09
499760.0,0.72
499890.0,0.7
500020.0,0.98
500160.0,1.0
500290.0,1.0
500430.0,0.84
500560.0,0.91
500700.0,0.98
500830.0,0.76
500970.0,0.99
501100.0,0.87
501230.0,0.83
501370.0,0.91
501500.0,0.94
501640.0,0.94
501770.0,0.85
501910.0,0.89
502040.0,0.91
502180.0,0.96
502310.0,1.02
502450.0,0.89
502580.0,0.81
502710.0,0.92
502850.0,0.93
502980.0,1.06
503120.0,0.8
503250.0,0.83
503390.0,0.82
503520.0,0.85
503660.0,0.82
503790.0,0.92
503910.0,0.7
504040.0,0.92
504160.0,0.59
504290.0,0.63
504410.0,0.62
504530.0,1.0
504660.0,0.74
504780.0,0.57
504910.0,0.64
505030.0,0.85
505150.0,0.92
505280.0,0.96
505400.0,0.76
505530.0,0.89
505650.0,1.02
505650.0,1.46
505770.0,1.15
505900.0,1.19
506020.0,1.26
506150.0,1.15
506390.0,0.95
506520.0,1.14
506640.0,0.94
506770.0,1.08
506890.0,0.78
507010.0,0.94
507140.0,0.99
507260.0,0.88
507390.0,0.92
507510.0,1.01
507630.0,0.99
507760.0,0.97
507880.0,0.94
508000.0,0.87
508130.0,0.99
508250.0,0.98
508380.0,1.02
508500.0,0.76
508620.0,0.89
508750.0,1.3
508870.0,1.24
509000.0,1.47
509120.0,1.1
509240.0,1.66
509370.0,1.65
509490.0,1.34
509620.0,1.4
509740.0,1.23
509860.0,1.25
509990.0,1.11
510110.0,1.05
510240.0,1.11
510360.0,1.26
510480.0,1.08
510610.0,1.05
510730.0,1.03
510860.0,1.17
510980.0,1.17
511100.0,0.98
511230.0,0.99
511350.0,1.04
511480.0,1.19
511600.0,1.14
511720.0,1.14
511850.0,1.2
511970.0,1.39
512100.0,1.22
512220.0,1.29
512340.00000000006,1.2
512470.0,1.24
512590.00000000006,1.14
512720.0,1.2
512840.00000000006,1.4
512960.00000000006,1.21
513090.00000000006,1.3
513210.00000000006,1.34
513340.00000000006,1.21
513460.00000000006,1.25
513580.00000000006,1.26
513710.00000000006,1.21
513830.00000000006,1.13
513960.00000000006,1.19
514080.00000000006,1.3
514200.00000000006,1.18
514330.00000000006,1.14
514450.00000000006,1.12
514570.00000000006,1.21
514700.00000000006,1.24
514820.00000000006,1.19
514950.00000000006,1.25
515070.00000000006,1.19
515190.00000000006,1.27
515320.00000000006,1.19
515440.00000000006,1.1
515570.00000000006,1.18
515690.00000000006,1.13
515809.99999999994,1.22
515940.00000000006,1.32
516059.99999999994,1.44
516190.00000000006,1.28
516309.99999999994,1.16
516429.99999999994,1.29
516559.99999999994,1.1
516679.99999999994,1.14
516809.99999999994,1.21
516929.99999999994,1.09
517049.99999999994,1.2
517169.99999999994,1.18
517179.99999999994,1.33
517299.99999999994,1.14
517429.99999999994,1.22
517570.00000000006,1.25
517700.00000000006,1.27
517830.00000000006,1.25
517970.0,1.29
518100.0,1.19
518230.0,1.17
518360.0,1.11
518490.0,1.19
518620.0,1.01
518760.0,1.19
518890.0,1.03
519020.0,1.07
519159.99999999994,1.06
519289.99999999994,0.9
519419.99999999994,1.13
519549.99999999994,1.03
519679.99999999994,1.1
519809.99999999994,1.13
519950.00000000006,0.94
520080.00000000006,0.77
520210.00000000006,1.04
520350.0,1.22
520480.0,1.02
520610.0,0.97
520740.0,0.96
520870.0,0.97
521000.0,0.98
521140.0,1.07
521270.0,0.96
521400.0,0.96
521539.99999999994,1.06
521669.99999999994,0.96
521799.99999999994,0.95
521929.99999999994,1.06
522059.99999999994,1.04
522190.00000000006,1.08
522330.00000000006,0.76
522460.00000000006,0.83
522730.0,1.04
522860.0,1.11
522990.0,1.12
523120.0,1.12
523250.0,1.16
523520.0,1.19
523650.0,1.02
523780.0,1.18
523919.99999999994,1.37
524049.99999999994,1.15
524179.99999999994,0.97
524440.0,0.91
524570.0,1.0
524710.0,1.19
524840.0,1.23
524970.0,1.03
525090.0,1.05
525200.0,1.06
525300.0,0.96
525410.0,0.82
525520.0,0.73
525620.0,0.9
525730.0,0.99
525830.0,0.92
525940.0,0.88
526050.0,0.89
526150.0,0.93
526260.0,1.0
526370.0,1.15
526470.0,0.89
526570.0,1.0
526680.0,1.05
526790.0,0.84
526860.0,0.7
526940.0,0.68
527010.0,0.79
527080.0,0.8
527160.0,0.92
527230.0,0.82
527300.0,0.91
527380.0,0.98
527450.0,1.17
527530.0,1.2
527600.0,0.86
527670.0,1.2
527750.0,1.71
527820.0,1.64
527900.0,1.46
527970.0,1.6
528080.0,1.35
528190.0,1.3
528290.0,1.13
528500.0,1.06
528600.0,1.03
528710.0,1.01
528810.0,1.02
528910.0,1.06
529020.0,0.81
529120.0,1.14
529220.0,1.01
529350.0,1.18
529510.0,1.21
529660.0,1.13
529810.0,1.16
529960.0,1.12
530120.0,1.07
530270.0,0.92
530420.0,1.11
530580.0,1.1
530730.0,1.06
530880.0,1.04
531030.0,1.07
531190.0,1.21
531340.0,1.04
531490.0,0.93
531640.0,0.76
531800.0,1.07
531950.0,0.93
532100.0,0.97
532250.0,0.93
532410.0,1.08
532560.0,1.19
532710.0,1.12
532870.0,1.12
533020.0,1.05
533170.0,1.17
533320.0,1.16
533480.0,1.04
533630.0,0.9
533780.0,1.05
533930.0,1.58
534090.0,1.69
534240.0,1.59
534390.0,1.61
534540.0,1.5
534700.0,1.71
534850.0,1.66
535000.0,1.81
535160.0,1.82
535310.0,1.95
535460.0,2.09
535610.0,2.18
535770.0,2.27
535920.0,1.97
536070.0,1.78
536220.0,1.72
536380.0,1.72
536530.0,2.04
536680.0,2.08
536840.0,2.16
536990.0,2.23
537140.0,1.8
537290.0,1.84
537450.0,1.94
537600.0,2.07
537750.0,2.01
537900.0,1.99
538060.0,2.15
538210.0,1.92
538360.0,1.83
538510.0,1.64
538670.0,1.63
538820.0,1.65
538970.0,1.57
539130.0,1.75
539280.0,1.52
539430.0,1.71
539580.0,1.8
539740.0,2.05
539890.0,1.98
540040.0,1.8
540190.0,2.11
540350.0,1.9
540500.0,1.84
540650.0,1.65
540800.0,1.79
540960.0,1.88
541110.0,1.94
541260.0,1.9
541420.0,1.94
541570.0,1.71
541720.0,1.77
541870.0,1.48
542030.0,1.12
542180.0,1.38
542330.0,1.16
542480.0,1.17
542640.0,1.37
542940.0,1.26
543090.0,1.17
543250.0,1.21
543400.0,1.01
543550.0,1.18
543710.0,1.06
543860.0,1.01
544010.0,1.19
544160.0,0.9
544320.0,1.04
544470.0,1.04
544620.0,1.13
544770.0,1.04
544930.0,1.23
545080.0,1.24
545230.0,1.28
545380.0,1.31
545540.0,1.46
545690.0,1.68
545840.0,1.85
546000.0,1.68
546150.0,1.39
546300.0,1.59
546450.0,1.68
546610.0,1.54
546760.0,1.62
546910.0,1.73
547060.0,1.33
547220.0,1.66
547370.0,1.46
547520.0,1.53
547680.0,1.41
547830.0,1.35
547980.0,1.39
548130.0,1.34
548290.0,1.33
548440.0,1.44
548590.0,1.49
548740.0,1.39
548900.0,1.5
549050.0,1.53
549200.0,1.49
549350.0,1.39
549510.0,1.52
549660.0,1.63
549810.0,1.16
549970.0,1.24
550120.0,1.33
550270.0,1.39
550420.0,1.32
550580.0,1.41
550730.0,1.31
550880.0,1.36
551030.0,1.32
551190.0,1.48
551340.0,1.36
551490.0,1.3
551640.0,1.44
551800.0,1.59
551950.0,1.78
552100.0,1.53
552260.0,1.54
552410.0,1.69
552560.0,1.54
552710.0,1.48
552870.0,1.44
553020.0,1.39
553170.0,1.32
553320.0,1.16
553480.0,1.15
553630.0,1.26
553780.0,1.18
553930.0,1.27
554090.0,1.78
554390.0,1.46
554550.0,1.51
554700.0,1.5
554850.0,1.2
555000.0,1.27
555160.0,1.08
555310.0,0.99
555460.0,0.92
555610.0,1.01
555770.0,0.85
555920.0,0.89
556070.0,0.94
556220.0,1.18
556380.0,1.47
556530.0,1.89
556680.0,1.22
556840.0,1.34
556990.0,1.23
557140.0,1.26
557290.0,1.06
557450.0,1.22
557600.0,0.94
557750.0,0.91
557900.0,0.7
558060.0,0.71
558210.0,0.95
558360.0,0.83
558520.0,0.79
558670.0,0.76
558820.0,0.76
558970.0,0.75
559130.0,0.65
559280.0,0.62
559430.0,0.8
559580.0,1.02
559740.0,1.12
559890.0,1.6
560040.0,1.53
560190.0,1.88
560350.0,2.04
560500.0,1.44
560650.0,1.6
560810.0,1.64
560960.0,1.88
561110.0,1.4
561260.0,1.58
561570.0,0.88
561720.0,1.44
561870.0,0.82
562030.0,1.2
562180.0,0.9
562320.0,0.72
562460.0,0.95
562610.0,1.14
562740.0,1.09
562870.0,1.17
562950.0,1.22
563100.0,1.18
563230.0,1.23
563370.0,1.17
563520.0,1.23
563650.0,1.03
563790.0,1.01
563930.0,1.05
564070.0,1.03
564210.0,0.69
564210.0,0.9
564350.0,1.04
564490.0,0.98
564630.0,0.91
564770.0,0.87
564900.0,0.82
565050.0,0.89
565190.0,0.59
565320.0,0.81
565470.0,0.75
565610.0,0.82
565740.0,0.87
565880.0,0.67
566030.0,0.94
566160.0,0.86
566300.0,0.66
566450.0,0.83
566580.0,0.82
566720.0,0.78
566860.0,0.58
567000.0,0.5
567140.0,0.77
567280.0,0.69
567420.0,0.54
567560.0,0.71
567700.0,0.74
567840.0,0.74
567980.0,0.76
568120.0,0.77
568260.0,0.83
568400.0,0.56
568540.0,0.51
568680.0,0.56
568810.0,0.78
568960.0,0.69
569100.0,0.63
569230.0,0.54
569380.0,0.77
569520.0,0.48
569650.0,0.75
569790.0,0.69
570000.0,0.74
570070.0,0.71
570210.0,0.57
570350.0,0.42
570490.0,0.65
570630.0,0.47
570770.0,0.43
570910.0,0.53
571330.0,0.67
571470.0,0.53
571610.0,0.51
571740.0,0.48
571890.0,0.37
572030.0,0.62
572160.0,0.67
572310.0,0.57
572450.0,0.47
572580.0,0.46
572720.0,0.61
572870.0,0.43
573000.0,0.55
573140.0,0.5
573290.0,0.47
573420.0,0.63
573560.0,0.5
573700.0,0.44
573840.0,0.42
573980.0,0.56
574120.0,0.44
574260.0,0.48
574400.0,0.51
574520.0,0.5
574610.0,0.62
574710.0,0.51
574810.0,0.49
574910.0,0.58
575010.0,0.51
575110.0,0.48
575210.0,0.57
575300.0,0.55
575400.0,0.7
575500.0,0.72
575600.0,0.97
575700.0,1.24
575800.0,1.06
575900.0,0.99
576120.0,1.18
576390.0,1.26
576630.0,1.12
576900.0,1.5
577160.0,1.43
577430.0,1.37
577690.0,1.62
577950.0,1.57
578220.0,1.44
578480.0,1.48
578730.0,1.52
578990.0,1.95
579260.0,2.01
579520.0,1.54
579780.0,1.71
579950.0,1.62
580090.0,1.24
580400.0,1.3
580700.0,1.47
581010.0,1.33
581310.0,1.3
581620.0,1.5
582450.0,1.46
583450.0,1.78
583850.0,1.64
584260.0,1.6
584670.0,1.49
585070.0,1.44
585480.0,1.77
585890.0,1.93
586290.0,1.74
586700.0,2.06
587110.0,2.11
587510.0,1.8
587920.0,1.51
588330.0,1.4
588740.0,1.35
589140.0,1.36
589550.0,1.2
589960.0,1.33
590360.0,1.31
590770.0,1.07
591180.0,1.28
591580.0,1.1
591990.0,1.19
592400.0,1.19
592800.0,1.11
593210.0,1.08
593620.0,0.92
593640.0,0.95
593880.0,0.69
594110.0,0.6
594330.0,0.67
594570.0,0.73
594800.0,0.65
595040.0,0.77
595260.0,0.76
595490.0,0.9
595730.0,0.78
595960.0,0.82
596180.0,0.6
596650.0,0.68
596890.0,0.6
597120.0,0.9
597340.0,0.87
597580.0,0.88
597810.0,1.05
598030.0,1.13
598280.0,1.69
598500.0,2.07
598970.0,1.42
599190.0,1.3
599500.0,1.14
599840.0,0.89
600210.0,0.89
600410.0,0.81
600550.0,0.96
600680.0,0.87
600810.0,0.85
600940.0,0.98
601070.0,0.86
601200.0,0.85
601330.0,1.18
601460.0,0.77
601580.0,0.75
601720.0,0.61
601840.0,0.69
601980.0,1.0
602240.0,1.87
602370.0,1.91
602500.0,1.87
602760.0,1.65
602890.0,1.36
603020.0,1.24
603150.0,1.01
603300.0,0.43
603300.0,0.64
603450.0,0.96
603600.0,1.05
603750.0,1.08
603890.0,1.01
604040.0,1.29
604190.0,0.96
604340.0,1.05
604490.0,1.0
604640.0,0.98
604790.0,1.18
604930.0,0.91
605080.0,0.99
605230.0,0.99
605380.0,0.88
605380.0,1.01
605530.0,1.06
605680.0,0.89
605820.0,0.9
605970.0,0.78
606120.0,0.89
606270.0,0.93
606420.0,0.84
606570.0,0.88
606720.0,1.0
606860.0,0.95
606940.0,1.12
607090.0,1.04
607240.0,0.77
607380.0,0.76
607530.0,0.69
607680.0,0.8
607830.0,0.81
607980.0,0.63
608130.0,0.63
608280.0,0.95
608420.0,0.89
608570.0,1.12
608720.0,0.84
608870.0,0.94
609020.0,1.0
609170.0,0.92
609310.0,1.16
609460.0,0.76
609610.0,1.08
609760.0,1.09
609910.0,0.73
610060.0,1.1
610210.0,1.1
610350.0,0.82
610500.0,0.9
610650.0,1.16
610800.0,0.87
610950.0,0.89
611100.0,0.82
611250.0,0.88
611390.0,0.64
611540.0,0.74
611690.0,0.54
611840.0,0.86
611840.0,0.84
611990.0,0.67
612140.0,0.69
612280.0,0.68
612430.0,0.68
612580.0,0.64
612880.0,0.74
613030.0,0.6
613180.0,0.74
613320.0,0.67
613470.0,0.66
613620.0,0.83
613620.0,0.29
613770.0,0.64
613920.0,0.75
613920.0,0.66
614220.0,0.55
614360.0,0.43
614510.0,0.69
614660.0,0.44
614810.0,0.54
614960.0,0.66
615110.0,0.45
615260.0,0.71
615400.0,0.64
615700.0,0.72
615850.0,0.53
616000.0,0.62
616150.0,0.39
616290.0,0.62
616440.0,0.54
616590.0,0.56
616740.0,0.53
616890.0,0.62
617040.0,0.69
617190.0,0.72
617460.0,0.53
617860.0,0.68
618270.0,0.73
618670.0,0.74
619070.0,0.58
619470.0,0.55
619880.0,0.7
620080.0,0.87
620480.0,0.52
620880.0,0.77
621290.0,0.81
621690.0,0.99
622090.0,0.88
622490.0,0.81
622900.0,0.71
623300.0,0.58
623700.0,0.83
624100.0,0.77
624510.0,1.23
624910.0,0.86
625310.0,1.36
625710.0,1.55
626120.0,2.19
626920.0,2.61
627320.0,2.43
628130.0,2.57
628530.0,2.49
628930.0,2.44
629340.0,2.26
629740.0,2.67
630140.0,2.39
630540.0,2.3
630950.0,2.35
631350.0,2.34
631750.0,2.38
632150.0,2.15
632560.0,2.3
632960.0,2.32
633360.0,2.46
633760.0,2.46
634170.0,2.3
634570.0,2.24
634970.0,2.12
635370.0,2.16
635780.0,2.3
636180.0,2.11
636580.0,2.36
636990.0,2.44
637390.0,2.15
637790.0,2.03
638190.0,2.3
638600.0,2.28
639000.0,2.4
639400.0,2.23
639800.0,2.41
640210.0,2.32
640610.0,2.34
641010.0,2.23
641410.0,2.24
641820.0,2.07
642220.0,2.26
642620.0,1.98
643020.0,1.98
643430.0,2.08
644230.0,2.16
644630.0,2.25
645040.0,2.17
645440.0,2.16
645800.0,2.02
646110.0,2.09
646420.0,1.92
646740.0,1.77
647050.0,1.9
647360.0,1.96
647680.0,1.86
647990.0,1.88
648300.0,2.17
648610.0,1.8
648930.0,1.71
649240.0,1.98
649480.0,1.95
649550.0,1.91
